models,therapeutic_area_name,roc_auc,average_precision,n_samples,n_positives,stratum
ots__all,all,0.4930348077407401,0.08958194337709209,18188,1478,all
ots__all,biological process,0.5477462080751976,0.3276570714610242,213,62,all
ots__all,cancer or benign tumor,0.5916076118083323,0.0456151465525826,4003,117,all
ots__all,cardiovascular disease,0.4760095164609054,0.2754041622581581,642,162,all
ots__all,disorder of visual system,0.6171954443766524,0.10209356303539538,469,22,all
ots__all,endocrine system disease,0.5459800513828018,0.032345248471238944,1044,26,all
ots__all,gastrointestinal disease,0.550739728404703,0.05612215847607689,1221,39,all
ots__all,"genetic, familial or congenital disease",0.4750676193211738,0.08875392167956514,2075,176,all
ots__all,hematologic disease,0.6091513539651837,0.08354475324472745,1074,40,all
ots__all,immune system disease,0.590516626230912,0.0938081727373096,1329,55,all
ots__all,infectious disease,0.4762125629472568,0.05648293505436362,567,28,all
ots__all,infectious disease or post-infectious disorder,0.4762125629472568,0.05648293505436362,567,28,all
ots__all,integumentary system disease,0.5501227714316217,0.045051038814956916,675,29,all
ots__all,musculoskeletal or connective tissue disease,0.5658637754368673,0.13106257799510954,836,63,all
ots__all,nervous system disease,0.5578116126435047,0.06906815434319141,1652,89,all
ots__all,nutritional or metabolic disease,0.5630393096836049,0.19446886446886447,312,14,all
ots__all,pancreas disease,0.5120772946859903,0.06507936507936507,210,3,all
ots__all,phenotype,0.5107554286879395,0.05670949865216136,611,34,all
ots__all,pregnancy or perinatal disease,0.43478260869565216,0.041666666666666664,24,1,all
ots__all,psychiatric disorder,0.42588466231630334,0.15670654946944435,370,61,all
ots__all,reproductive system or breast disease,0.4258495007941911,0.07631176145658547,982,78,all
ots__all,respiratory or thoracic disease,0.5550062774639045,0.1284198630620892,644,54,all
ots__all,urinary system disease,0.45298239087301584,0.191231373961732,716,140,all
p3_lambdarank,all,0.6308152524680756,0.12498811102538229,18188,1478,all
p3_lambdarank,biological process,0.5620593890194403,0.3063730517089393,213,62,all
p3_lambdarank,cancer or benign tumor,0.4803040500415693,0.03846322669560888,4003,117,all
p3_lambdarank,cardiovascular disease,0.6024176954732511,0.46284156598940007,642,162,all
p3_lambdarank,disorder of visual system,0.45779947122229003,0.09230540623262687,469,22,all
p3_lambdarank,endocrine system disease,0.6207118029318421,0.10945762671990687,1044,26,all
p3_lambdarank,gastrointestinal disease,0.5433641372727667,0.08142276966236897,1221,39,all
p3_lambdarank,"genetic, familial or congenital disease",0.6194079419790319,0.1202495701451258,2075,176,all
p3_lambdarank,hematologic disease,0.7138056092843326,0.1748680531054978,1074,40,all
p3_lambdarank,immune system disease,0.665149136577708,0.131552744927873,1329,55,all
p3_lambdarank,infectious disease,0.49807845216008484,0.04771119744117906,567,28,all
p3_lambdarank,infectious disease or post-infectious disorder,0.49807845216008484,0.04771119744117906,567,28,all
p3_lambdarank,integumentary system disease,0.5737696167396178,0.09712874163704018,675,29,all
p3_lambdarank,musculoskeletal or connective tissue disease,0.6300540052157129,0.15168872296746805,836,63,all
p3_lambdarank,nervous system disease,0.4986521167159093,0.09554871304051735,1652,89,all
p3_lambdarank,nutritional or metabolic disease,0.5033557046979866,0.17261287832056085,312,14,all
p3_lambdarank,pancreas disease,0.9259259259259259,0.39811912225705326,210,3,all
p3_lambdarank,phenotype,0.6227953919869508,0.09351617304160707,611,34,all
p3_lambdarank,pregnancy or perinatal disease,0.26086956521739135,0.05555555555555555,24,1,all
p3_lambdarank,psychiatric disorder,0.2011247281022866,0.11195524262956147,370,61,all
p3_lambdarank,reproductive system or breast disease,0.7858945995007941,0.2106674366238014,982,78,all
p3_lambdarank,respiratory or thoracic disease,0.5123666038920276,0.09875437684060465,644,54,all
p3_lambdarank,urinary system disease,0.4678943452380952,0.1885794467350595,716,140,all
rdg__all__positive,all,0.738209316129889,0.17920314743252078,18188,1478,all
rdg__all__positive,biological process,0.7951292458876309,0.47699265011130654,213,62,all
rdg__all__positive,cancer or benign tumor,0.7450842603956345,0.07523530043453143,4003,117,all
rdg__all__positive,cardiovascular disease,0.8135609567901234,0.4898629091260333,642,162,all
rdg__all__positive,disorder of visual system,0.5733170632499491,0.08948799859535894,469,22,all
rdg__all__positive,endocrine system disease,0.7344907057578963,0.10233045588059798,1044,26,all
rdg__all__positive,gastrointestinal disease,0.7464423619245953,0.12110413636497433,1221,39,all
rdg__all__positive,"genetic, familial or congenital disease",0.8531568648571018,0.3051957266097753,2075,176,all
rdg__all__positive,hematologic disease,0.8100096711798839,0.15232390813860006,1074,40,all
rdg__all__positive,immune system disease,0.7719352076494934,0.1578450640520448,1329,55,all
rdg__all__positive,infectious disease,0.6676384839650146,0.08092265761369044,567,28,all
rdg__all__positive,infectious disease or post-infectious disorder,0.6676384839650146,0.08092265761369044,567,28,all
rdg__all__positive,integumentary system disease,0.7355610120636277,0.0849502077711374,675,29,all
rdg__all__positive,musculoskeletal or connective tissue disease,0.5310067968541448,0.20444173988338885,836,63,all
rdg__all__positive,nervous system disease,0.7425147548290165,0.1112328415732236,1652,89,all
rdg__all__positive,nutritional or metabolic disease,0.7575503355704698,0.32514098038035805,312,14,all
rdg__all__positive,pancreas disease,0.9291465378421899,0.4095238095238095,210,3,all
rdg__all__positive,phenotype,0.7496176980324192,0.12333629694804187,611,34,all
rdg__all__positive,pregnancy or perinatal disease,0.17391304347826086,0.05,24,1,all
rdg__all__positive,psychiatric disorder,0.6144888322987956,0.19060267477638973,370,61,all
rdg__all__positive,reproductive system or breast disease,0.8913518266394372,0.3332331674042599,982,78,all
rdg__all__positive,respiratory or thoracic disease,0.5399089767733836,0.11495087344810895,644,54,all
rdg__all__positive,urinary system disease,0.907483878968254,0.6008610443773472,716,140,all
rdg__no_time__positive,all,0.6366677760960879,0.11732648646787829,18188,1478,all
rdg__no_time__positive,biological process,0.8210852381969664,0.5364625162663017,213,62,all
rdg__no_time__positive,cancer or benign tumor,0.5628752787785213,0.04185445008150148,4003,117,all
rdg__no_time__positive,cardiovascular disease,0.6133423353909465,0.32609994579257795,642,162,all
rdg__no_time__positive,disorder of visual system,0.6323469595281676,0.07754598802052635,469,22,all
rdg__no_time__positive,endocrine system disease,0.5679310865951337,0.05943709618853875,1044,26,all
rdg__no_time__positive,gastrointestinal disease,0.58406004598898,0.06304151271231329,1221,39,all
rdg__no_time__positive,"genetic, familial or congenital disease",0.6934899947340706,0.13479874893787264,2075,176,all
rdg__no_time__positive,hematologic disease,0.6126208897485494,0.08696226409768668,1074,40,all
rdg__no_time__positive,immune system disease,0.4959469102326245,0.08938484656066487,1329,55,all
rdg__no_time__positive,infectious disease,0.6119798568778161,0.06350077151744146,567,28,all
rdg__no_time__positive,infectious disease or post-infectious disorder,0.6119798568778161,0.06350077151744146,567,28,all
rdg__no_time__positive,integumentary system disease,0.4841197822141561,0.04082837661966492,675,29,all
rdg__no_time__positive,musculoskeletal or connective tissue disease,0.45916753937452515,0.13929940694016463,836,63,all
rdg__no_time__positive,nervous system disease,0.712624095121022,0.0996945466300053,1652,89,all
rdg__no_time__positive,nutritional or metabolic disease,0.6625119846596357,0.22613480044654038,312,14,all
rdg__no_time__positive,pancreas disease,0.8470209339774557,0.3663419913419913,210,3,all
rdg__no_time__positive,phenotype,0.3893618105821185,0.044904642877404956,611,34,all
rdg__no_time__positive,pregnancy or perinatal disease,0.13043478260869568,0.047619047619047616,24,1,all
rdg__no_time__positive,psychiatric disorder,0.5539020637699612,0.1732990895906246,370,61,all
rdg__no_time__positive,reproductive system or breast disease,0.6883012820512822,0.12519096449183342,982,78,all
rdg__no_time__positive,respiratory or thoracic disease,0.6335373509102322,0.13334304021672003,644,54,all
rdg__no_time__positive,urinary system disease,0.7792720734126984,0.3443284767668968,716,140,all
ots__all,all,0.6513513513513512,0.24380045066092457,424,54,pioneer
ots__all,cancer or benign tumor,0.7250836120401338,0.24580999647083587,128,13,pioneer
ots__all,cardiovascular disease,1.0,1.0,6,1,pioneer
ots__all,disorder of visual system,0.3125,0.2,10,2,pioneer
ots__all,endocrine system disease,0.775,0.35,22,2,pioneer
ots__all,gastrointestinal disease,0.9473684210526315,0.5,20,1,pioneer
ots__all,"genetic, familial or congenital disease",0.5128205128205128,0.28571962118180605,49,10,pioneer
ots__all,hematologic disease,0.5666666666666667,0.1857371794871795,32,5,pioneer
ots__all,immune system disease,0.5025000000000001,0.11860877684407095,45,5,pioneer
ots__all,integumentary system disease,0.17857142857142855,0.17647058823529413,17,3,pioneer
ots__all,musculoskeletal or connective tissue disease,0.2423076923076923,0.13458931959880727,31,5,pioneer
ots__all,nervous system disease,0.8238095238095238,0.39803921568627454,68,5,pioneer
ots__all,nutritional or metabolic disease,0.5555555555555556,0.5555555555555556,9,3,pioneer
ots__all,pancreas disease,1.0,1.0,3,1,pioneer
ots__all,phenotype,0.625,0.25,9,1,pioneer
ots__all,psychiatric disorder,1.0,1.0,9,2,pioneer
ots__all,reproductive system or breast disease,0.20833333333333331,0.07692307692307693,13,1,pioneer
ots__all,respiratory or thoracic disease,0.7916666666666666,0.7483164983164983,18,6,pioneer
ots__all,urinary system disease,0.7291666666666666,0.3833333333333333,19,3,pioneer
p3_lambdarank,all,0.6714714714714713,0.3141613000347139,424,54,pioneer
p3_lambdarank,cancer or benign tumor,0.7612040133779264,0.2868261552148293,128,13,pioneer
p3_lambdarank,cardiovascular disease,0.6,0.3333333333333333,6,1,pioneer
p3_lambdarank,disorder of visual system,0.625,0.325,10,2,pioneer
p3_lambdarank,endocrine system disease,0.675,0.5666666666666667,22,2,pioneer
p3_lambdarank,gastrointestinal disease,1.0,1.0,20,1,pioneer
p3_lambdarank,"genetic, familial or congenital disease",0.5538461538461539,0.3150818581548805,49,10,pioneer
p3_lambdarank,hematologic disease,0.6666666666666666,0.39421888053467,32,5,pioneer
p3_lambdarank,immune system disease,0.5249999999999999,0.26881673881673884,45,5,pioneer
p3_lambdarank,integumentary system disease,0.04761904761904763,0.126131221719457,17,3,pioneer
p3_lambdarank,musculoskeletal or connective tissue disease,0.5307692307692307,0.22285714285714286,31,5,pioneer
p3_lambdarank,nervous system disease,0.9142857142857143,0.5536796536796538,68,5,pioneer
p3_lambdarank,nutritional or metabolic disease,0.7777777777777779,0.7,9,3,pioneer
p3_lambdarank,pancreas disease,1.0,1.0,3,1,pioneer
p3_lambdarank,phenotype,0.75,0.3333333333333333,9,1,pioneer
p3_lambdarank,psychiatric disorder,0.8571428571428572,0.5833333333333333,9,2,pioneer
p3_lambdarank,reproductive system or breast disease,1.0,1.0,13,1,pioneer
p3_lambdarank,respiratory or thoracic disease,0.3472222222222222,0.40826575385398917,18,6,pioneer
p3_lambdarank,urinary system disease,0.75,0.7333333333333334,19,3,pioneer
rdg__all__positive,all,0.678978978978979,0.23036508302195113,424,54,pioneer
rdg__all__positive,cancer or benign tumor,0.6986622073578596,0.18348382934334456,128,13,pioneer
rdg__all__positive,cardiovascular disease,1.0,1.0,6,1,pioneer
rdg__all__positive,disorder of visual system,0.3125,0.20833333333333331,10,2,pioneer
rdg__all__positive,endocrine system disease,0.825,0.6111111111111112,22,2,pioneer
rdg__all__positive,gastrointestinal disease,1.0,1.0,20,1,pioneer
rdg__all__positive,"genetic, familial or congenital disease",0.6000000000000001,0.31733590733590733,49,10,pioneer
rdg__all__positive,hematologic disease,0.788888888888889,0.3258225108225108,32,5,pioneer
rdg__all__positive,immune system disease,0.685,0.1930973266499582,45,5,pioneer
rdg__all__positive,integumentary system disease,0.7142857142857143,0.3206349206349206,17,3,pioneer
rdg__all__positive,musculoskeletal or connective tissue disease,0.4538461538461538,0.17807250221043322,31,5,pioneer
rdg__all__positive,nervous system disease,0.7396825396825398,0.32684873949579835,68,5,pioneer
rdg__all__positive,nutritional or metabolic disease,0.6666666666666666,0.6333333333333333,9,3,pioneer
rdg__all__positive,pancreas disease,1.0,1.0,3,1,pioneer
rdg__all__positive,phenotype,0.625,0.25,9,1,pioneer
rdg__all__positive,psychiatric disorder,0.9285714285714286,0.8333333333333333,9,2,pioneer
rdg__all__positive,reproductive system or breast disease,0.25,0.1,13,1,pioneer
rdg__all__positive,respiratory or thoracic disease,0.6666666666666666,0.441967291967292,18,6,pioneer
rdg__all__positive,urinary system disease,0.5,0.2846153846153846,19,3,pioneer
rdg__no_time__positive,all,0.5098098098098098,0.18730618559292747,424,54,pioneer
rdg__no_time__positive,cancer or benign tumor,0.5682274247491639,0.14428828841513805,128,13,pioneer
rdg__no_time__positive,cardiovascular disease,1.0,1.0,6,1,pioneer
rdg__no_time__positive,disorder of visual system,0.0625,0.1625,10,2,pioneer
rdg__no_time__positive,endocrine system disease,0.725,0.5769230769230769,22,2,pioneer
rdg__no_time__positive,gastrointestinal disease,1.0,1.0,20,1,pioneer
rdg__no_time__positive,"genetic, familial or congenital disease",0.47435897435897445,0.27440290421428526,49,10,pioneer
rdg__no_time__positive,hematologic disease,0.6777777777777778,0.25372549019607843,32,5,pioneer
rdg__no_time__positive,immune system disease,0.5449999999999999,0.14539419898687633,45,5,pioneer
rdg__no_time__positive,integumentary system disease,0.2142857142857143,0.14825174825174825,17,3,pioneer
rdg__no_time__positive,musculoskeletal or connective tissue disease,0.3153846153846154,0.13963066267820087,31,5,pioneer
rdg__no_time__positive,nervous system disease,0.6031746031746033,0.2267350928641251,68,5,pioneer
rdg__no_time__positive,nutritional or metabolic disease,0.33333333333333337,0.5277777777777778,9,3,pioneer
rdg__no_time__positive,pancreas disease,1.0,1.0,3,1,pioneer
rdg__no_time__positive,phenotype,0.125,0.125,9,1,pioneer
rdg__no_time__positive,psychiatric disorder,0.5,0.375,9,2,pioneer
rdg__no_time__positive,reproductive system or breast disease,0.0,0.07692307692307693,13,1,pioneer
rdg__no_time__positive,respiratory or thoracic disease,0.3472222222222222,0.34375,18,6,pioneer
rdg__no_time__positive,urinary system disease,0.4375,0.1971153846153846,19,3,pioneer
ots__all,all,0.4917871084810106,0.08248716298842075,17342,1314,known
ots__all,biological process,0.926051051051051,0.517083712465878,157,9,known
ots__all,cancer or benign tumor,0.5701285451948582,0.03555193544928782,3874,104,known
ots__all,cardiovascular disease,0.48059576837416473,0.28361319373389104,609,160,known
ots__all,disorder of visual system,0.6284122562674095,0.12853202627827903,379,20,known
ots__all,endocrine system disease,0.521188209752839,0.027789275334711417,1022,24,known
ots__all,gastrointestinal disease,0.5388438459071961,0.053189104846309315,1187,38,known
ots__all,"genetic, familial or congenital disease",0.4624035467713551,0.08635268346191581,1946,166,known
ots__all,hematologic disease,0.5873473445044022,0.0818164489112708,1041,35,known
ots__all,immune system disease,0.5798946515397082,0.09683912385244431,1284,50,known
ots__all,infectious disease,0.4816585227675094,0.05670844768883984,550,27,known
ots__all,infectious disease or post-infectious disorder,0.4816585227675094,0.05670844768883984,550,27,known
ots__all,integumentary system disease,0.5747147589252853,0.04485657255731492,653,26,known
ots__all,musculoskeletal or connective tissue disease,0.5750208005916613,0.13785186965982527,804,58,known
ots__all,nervous system disease,0.5408004323224617,0.05911521269545431,1582,84,known
ots__all,nutritional or metabolic disease,0.5536332179930796,0.13606060606060605,300,11,known
ots__all,pancreas disease,0.2804878048780488,0.00966183574879227,207,2,known
ots__all,phenotype,0.5000820479159829,0.056023133213317707,587,33,known
ots__all,pregnancy or perinatal disease,0.43478260869565216,0.041666666666666664,24,1,known
ots__all,psychiatric disorder,0.4054282335717101,0.1560709683814055,360,59,known
ots__all,reproductive system or breast disease,0.4289062954982238,0.07634999635160684,969,77,known
ots__all,respiratory or thoracic disease,0.5200988531490134,0.09442816453244476,598,47,known
ots__all,urinary system disease,0.44889855718198385,0.19241986024549068,694,137,known
p3_lambdarank,all,0.6282952701873699,0.1142092637651493,17342,1314,known
p3_lambdarank,biological process,0.006006006006006006,0.03245542439346361,157,9,known
p3_lambdarank,cancer or benign tumor,0.4529585798816568,0.02527976532074295,3874,104,known
p3_lambdarank,cardiovascular disease,0.6095072383073497,0.49396903652582497,609,160,known
p3_lambdarank,disorder of visual system,0.49345403899721446,0.14793724902708355,379,20,known
p3_lambdarank,endocrine system disease,0.60688042752171,0.06356286305336152,1022,24,known
p3_lambdarank,gastrointestinal disease,0.5376986853556869,0.05447070413968336,1187,38,known
p3_lambdarank,"genetic, familial or congenital disease",0.6479795586841748,0.12452077989387877,1946,166,known
p3_lambdarank,hematologic disease,0.7393354160749787,0.14892149914799674,1041,35,known
p3_lambdarank,immune system disease,0.683030794165316,0.1156739930803157,1284,50,known
p3_lambdarank,infectious disease,0.5025139862615962,0.04854789313820177,550,27,known
p3_lambdarank,infectious disease or post-infectious disorder,0.5025139862615962,0.04854789313820177,550,27,known
p3_lambdarank,integumentary system disease,0.6166114587167218,0.10544645275173439,653,26,known
p3_lambdarank,musculoskeletal or connective tissue disease,0.6361976518443191,0.15932787860263664,804,58,known
p3_lambdarank,nervous system disease,0.4692844427490622,0.06840290695068499,1582,84,known
p3_lambdarank,nutritional or metabolic disease,0.46807172066687636,0.09300744260151554,300,11,known
p3_lambdarank,pancreas disease,0.8878048780487805,0.05952380952380952,207,2,known
p3_lambdarank,phenotype,0.6179849031834592,0.086434696413995,587,33,known
p3_lambdarank,pregnancy or perinatal disease,0.26086956521739135,0.05555555555555555,24,1,known
p3_lambdarank,psychiatric disorder,0.18356889464496876,0.10186562641037511,360,59,known
p3_lambdarank,reproductive system or breast disease,0.784928076407897,0.210015691221079,969,77,known
p3_lambdarank,respiratory or thoracic disease,0.5392516507703595,0.08005848269399302,598,47,known
p3_lambdarank,urinary system disease,0.4619376482459474,0.1752106713237855,694,137,known
rdg__all__positive,all,0.7472509106020324,0.17999793441766726,17342,1314,known
rdg__all__positive,biological process,0.9309309309309309,0.3508382140735081,157,9,known
rdg__all__positive,cancer or benign tumor,0.754981126300755,0.07363408593763392,3874,104,known
rdg__all__positive,cardiovascular disease,0.8250208797327394,0.5204054746861838,609,160,known
rdg__all__positive,disorder of visual system,0.6037604456824512,0.1068640347385578,379,20,known
rdg__all__positive,endocrine system disease,0.7219647628590515,0.05603731754310447,1022,24,known
rdg__all__positive,gastrointestinal disease,0.7396477486143557,0.10109077991340507,1187,38,known
rdg__all__positive,"genetic, familial or congenital disease",0.8591122918640854,0.3092433380095126,1946,166,known
rdg__all__positive,hematologic disease,0.8007526270945754,0.1695199708198115,1041,35,known
rdg__all__positive,immune system disease,0.7698460291734197,0.17236314311728573,1284,50,known
rdg__all__positive,infectious disease,0.6655336024360882,0.08493245836160819,550,27,known
rdg__all__positive,infectious disease or post-infectious disorder,0.6655336024360882,0.08493245836160819,550,27,known
rdg__all__positive,integumentary system disease,0.7370261317629738,0.08225090987714101,653,26,known
rdg__all__positive,musculoskeletal or connective tissue disease,0.5276070074882131,0.22302798156571435,804,58,known
rdg__all__positive,nervous system disease,0.7430065484137581,0.10188679926349745,1582,84,known
rdg__all__positive,nutritional or metabolic disease,0.7997798049701164,0.28360931715569526,300,11,known
rdg__all__positive,pancreas disease,0.8926829268292683,0.06787330316742082,207,2,known
rdg__all__positive,phenotype,0.7514495131823652,0.12553016972071762,587,33,known
rdg__all__positive,pregnancy or perinatal disease,0.17391304347826086,0.05,24,1,known
rdg__all__positive,psychiatric disorder,0.6083957430035475,0.18801983721466448,360,59,known
rdg__all__positive,reproductive system or breast disease,0.8959146234930988,0.33655061843754525,969,77,known
rdg__all__positive,respiratory or thoracic disease,0.5149631231416767,0.11660888693151161,598,47,known
rdg__all__positive,urinary system disease,0.9154686865245252,0.6187274617993996,694,137,known
rdg__no_time__positive,all,0.6325895056558177,0.1081513421031886,17342,1314,known
rdg__no_time__positive,biological process,0.7357357357357357,0.1459164545775336,157,9,known
rdg__no_time__positive,cancer or benign tumor,0.5710275964088961,0.03937759113036872,3874,104,known
rdg__no_time__positive,cardiovascular disease,0.6223900334075723,0.3379425736432499,609,160,known
rdg__no_time__positive,disorder of visual system,0.6139972144846797,0.0826157755253368,379,20,known
rdg__no_time__positive,endocrine system disease,0.5551102204408818,0.03453206914516305,1022,24,known
rdg__no_time__positive,gastrointestinal disease,0.5678965690989877,0.05127304543189253,1187,38,known
rdg__no_time__positive,"genetic, familial or congenital disease",0.6949810477866523,0.13134728644707835,1946,166,known
rdg__no_time__positive,hematologic disease,0.6045583641011076,0.09276401877713365,1041,35,known
rdg__no_time__positive,immune system disease,0.4979092382495949,0.09857529812021237,1284,50,known
rdg__no_time__positive,infectious disease,0.6157850010622478,0.06451249016588123,550,27,known
rdg__no_time__positive,infectious disease or post-infectious disorder,0.6157850010622478,0.06451249016588123,550,27,known
rdg__no_time__positive,integumentary system disease,0.5249969328916697,0.04115914779331868,653,26,known
rdg__no_time__positive,musculoskeletal or connective tissue disease,0.4744846075621706,0.15171036136340676,804,58,known
rdg__no_time__positive,nervous system disease,0.7227970627503337,0.09506474153761017,1582,84,known
rdg__no_time__positive,nutritional or metabolic disease,0.710915382195659,0.17154537333531225,300,11,known
rdg__no_time__positive,pancreas disease,0.7682926829268293,0.029809725158562367,207,2,known
rdg__no_time__positive,phenotype,0.3888797724537797,0.04531262484185345,587,33,known
rdg__no_time__positive,pregnancy or perinatal disease,0.13043478260869568,0.047619047619047616,24,1,known
rdg__no_time__positive,psychiatric disorder,0.5575482853764289,0.17297667074145412,360,59,known
rdg__no_time__positive,reproductive system or breast disease,0.6967197600605672,0.12820977611728074,969,77,known
rdg__no_time__positive,respiratory or thoracic disease,0.6747499710391165,0.13768013530815182,598,47,known
rdg__no_time__positive,urinary system disease,0.7903196215387439,0.3584053334100942,694,137,known
ots__all,all,0.502619257234069,0.07905648577839096,13770,1072,evidence_free
ots__all,biological process,0.4965277777777778,0.006896551724137931,145,1,evidence_free
ots__all,cancer or benign tumor,0.4983911333571684,0.022027972027972027,2860,63,evidence_free
ots__all,cardiovascular disease,0.5018575258521638,0.2832915622389306,513,140,evidence_free
ots__all,disorder of visual system,0.5,0.04398826979472141,341,15,evidence_free
ots__all,endocrine system disease,0.5,0.022222222222222223,720,16,evidence_free
ots__all,gastrointestinal disease,0.49695493300852617,0.02955082742316785,846,25,evidence_free
ots__all,"genetic, familial or congenital disease",0.498627316403569,0.0944686140459913,1609,152,evidence_free
ots__all,hematologic disease,0.4974259974259974,0.02631578947368421,798,21,evidence_free
ots__all,immune system disease,0.4967741935483871,0.03125,960,30,evidence_free
ots__all,infectious disease,0.5197111631537861,0.09266444937176645,451,24,evidence_free
ots__all,infectious disease or post-infectious disorder,0.5197111631537861,0.09266444937176645,451,24,evidence_free
ots__all,integumentary system disease,0.49795501022494887,0.03550295857988166,507,18,evidence_free
ots__all,musculoskeletal or connective tissue disease,0.4939550949913644,0.06310679611650485,618,39,evidence_free
ots__all,nervous system disease,0.4992389649923896,0.04713560551124003,1379,65,evidence_free
ots__all,nutritional or metabolic disease,0.5,0.04048582995951417,247,10,evidence_free
ots__all,pancreas disease,0.5,0.017391304347826087,115,2,evidence_free
ots__all,phenotype,0.49599198396793587,0.054924242424242424,528,29,evidence_free
ots__all,pregnancy or perinatal disease,0.5,0.047619047619047616,21,1,evidence_free
ots__all,psychiatric disorder,0.4978540772532189,0.1909722222222222,288,55,evidence_free
ots__all,reproductive system or breast disease,0.4992997198879552,0.09390862944162437,788,74,evidence_free
ots__all,respiratory or thoracic disease,0.49528301886792453,0.07423580786026202,458,34,evidence_free
ots__all,urinary system disease,0.5071443363015117,0.22902892561983473,560,121,evidence_free
p3_lambdarank,all,0.6263205746350935,0.11219002443518034,13770,1072,evidence_free
p3_lambdarank,biological process,0.0,0.006896551724137931,145,1,evidence_free
p3_lambdarank,cancer or benign tumor,0.5015237414236342,0.024600165418254303,2860,63,evidence_free
p3_lambdarank,cardiovascular disease,0.6201455381080045,0.5171418221183905,513,140,evidence_free
p3_lambdarank,disorder of visual system,0.5051124744376277,0.12161757247014504,341,15,evidence_free
p3_lambdarank,endocrine system disease,0.6475497159090909,0.0952799400673719,720,16,evidence_free
p3_lambdarank,gastrointestinal disease,0.5488915956151035,0.06924759186255235,846,25,evidence_free
p3_lambdarank,"genetic, familial or congenital disease",0.5956769497525558,0.1113737020387886,1609,152,evidence_free
p3_lambdarank,hematologic disease,0.5696512839369982,0.045730847469009836,798,21,evidence_free
p3_lambdarank,immune system disease,0.5189964157706093,0.04938708679574053,960,30,evidence_free
p3_lambdarank,infectious disease,0.44525761124121777,0.045968344114886324,451,24,evidence_free
p3_lambdarank,infectious disease or post-infectious disorder,0.44525761124121777,0.045968344114886324,451,24,evidence_free
p3_lambdarank,integumentary system disease,0.5109066121336059,0.09541280014700473,507,18,evidence_free
p3_lambdarank,musculoskeletal or connective tissue disease,0.5810637261414464,0.10139613748527251,618,39,evidence_free
p3_lambdarank,nervous system disease,0.4286266245170355,0.04302665070158791,1379,65,evidence_free
p3_lambdarank,nutritional or metabolic disease,0.5362869198312237,0.1756562554252546,247,10,evidence_free
p3_lambdarank,pancreas disease,0.9513274336283186,0.2111111111111111,115,2,evidence_free
p3_lambdarank,phenotype,0.6377582751710318,0.09327283058123552,528,29,evidence_free
p3_lambdarank,pregnancy or perinatal disease,0.19999999999999996,0.058823529411764705,21,1,evidence_free
p3_lambdarank,psychiatric disorder,0.15817401482637533,0.11721174748118972,288,55,evidence_free
p3_lambdarank,reproductive system or breast disease,0.7970512529336059,0.2514412861834719,788,74,evidence_free
p3_lambdarank,respiratory or thoracic disease,0.5594478357380688,0.0789946805166755,458,34,evidence_free
p3_lambdarank,urinary system disease,0.42577985278337316,0.17764808781612879,560,121,evidence_free
rdg__all__positive,all,0.7596298512164332,0.22004021089411652,13770,1072,evidence_free
rdg__all__positive,biological process,0.8402777777777778,0.041666666666666664,145,1,evidence_free
rdg__all__positive,cancer or benign tumor,0.7402233685751741,0.05557683427725254,2860,63,evidence_free
rdg__all__positive,cardiovascular disease,0.8552757564151666,0.5672567472377277,513,140,evidence_free
rdg__all__positive,disorder of visual system,0.49570552147239266,0.042751119210704416,341,15,evidence_free
rdg__all__positive,endocrine system disease,0.7507990056818182,0.07305196210753144,720,16,evidence_free
rdg__all__positive,gastrointestinal disease,0.7356638246041414,0.09736829000226456,846,25,evidence_free
rdg__all__positive,"genetic, familial or congenital disease",0.8882910992305746,0.5295028675188793,1609,152,evidence_free
rdg__all__positive,hematologic disease,0.8027210884353742,0.08279248835763385,798,21,evidence_free
rdg__all__positive,immune system disease,0.7534946236559139,0.07032850272894159,960,30,evidence_free
rdg__all__positive,infectious disease,0.6763270882123341,0.09192185274855107,451,24,evidence_free
rdg__all__positive,infectious disease or post-infectious disorder,0.6763270882123341,0.09192185274855107,451,24,evidence_free
rdg__all__positive,integumentary system disease,0.7177914110429449,0.06628962753049478,507,18,evidence_free
rdg__all__positive,musculoskeletal or connective tissue disease,0.3477923918338426,0.05119205391517513,618,39,evidence_free
rdg__all__positive,nervous system disease,0.7350134644655193,0.0858351191264712,1379,65,evidence_free
rdg__all__positive,nutritional or metabolic disease,0.7217299578059071,0.24287960063114863,247,10,evidence_free
rdg__all__positive,pancreas disease,0.9601769911504424,0.5909090909090909,115,2,evidence_free
rdg__all__positive,phenotype,0.7777624213945132,0.15595435922126366,528,29,evidence_free
rdg__all__positive,pregnancy or perinatal disease,0.09999999999999998,0.05263157894736842,21,1,evidence_free
rdg__all__positive,psychiatric disorder,0.6545064377682402,0.23823780450189241,288,55,evidence_free
rdg__all__positive,reproductive system or breast disease,0.9200734347793171,0.5390058504479543,788,74,evidence_free
rdg__all__positive,respiratory or thoracic disease,0.4345865704772475,0.06223539645012858,458,34,evidence_free
rdg__all__positive,urinary system disease,0.955157288352567,0.8244403952081376,560,121,evidence_free
rdg__no_time__positive,all,0.6689412835021615,0.1265612067477945,13770,1072,evidence_free
rdg__no_time__positive,biological process,0.38888888888888884,0.011235955056179775,145,1,evidence_free
rdg__no_time__positive,cancer or benign tumor,0.5299527271282722,0.02433303514646593,2860,63,evidence_free
rdg__no_time__positive,cardiovascular disease,0.6522500957487553,0.36140481359456333,513,140,evidence_free
rdg__no_time__positive,disorder of visual system,0.5246421267893661,0.05558069422709017,341,15,evidence_free
rdg__no_time__positive,endocrine system disease,0.6142134232954546,0.03851558006996861,720,16,evidence_free
rdg__no_time__positive,gastrointestinal disease,0.5126187576126675,0.034657713218749775,846,25,evidence_free
rdg__no_time__positive,"genetic, familial or congenital disease",0.7376548784452552,0.18253330036633988,1609,152,evidence_free
rdg__no_time__positive,hematologic disease,0.5670159955874242,0.03298170585959767,798,21,evidence_free
rdg__no_time__positive,immune system disease,0.41279569892473117,0.02612881895052988,960,30,evidence_free
rdg__no_time__positive,infectious disease,0.652859094457455,0.0948891949425652,451,24,evidence_free
rdg__no_time__positive,infectious disease or post-infectious disorder,0.652859094457455,0.0948891949425652,451,24,evidence_free
rdg__no_time__positive,integumentary system disease,0.43842308566234955,0.033249615408651484,507,18,evidence_free
rdg__no_time__positive,musculoskeletal or connective tissue disease,0.2914618484566671,0.052050291629996574,618,39,evidence_free
rdg__no_time__positive,nervous system disease,0.7609120711860438,0.10721208154705897,1379,65,evidence_free
rdg__no_time__positive,nutritional or metabolic disease,0.6375527426160338,0.09469443914357624,247,10,evidence_free
rdg__no_time__positive,pancreas disease,0.9026548672566372,0.11688311688311688,115,2,evidence_free
rdg__no_time__positive,phenotype,0.44616819846589734,0.053113797215339584,528,29,evidence_free
rdg__no_time__positive,pregnancy or perinatal disease,0.09999999999999998,0.05263157894736842,21,1,evidence_free
rdg__no_time__positive,psychiatric disorder,0.6422941865001952,0.26038785797463726,288,55,evidence_free
rdg__no_time__positive,reproductive system or breast disease,0.7365716556893027,0.18642871281417425,788,74,evidence_free
rdg__no_time__positive,respiratory or thoracic disease,0.686667591564928,0.12170211725079025,458,34,evidence_free
rdg__no_time__positive,urinary system disease,0.8747246747867995,0.5524910070852517,560,121,evidence_free
ots__all,all,0.4942792792792793,0.09825843947726953,3022,222,literature_only
ots__all,biological process,0.5625,0.6788059163059164,12,8,literature_only
ots__all,cancer or benign tumor,0.47820147979510524,0.049549507804712824,788,35,literature_only
ots__all,cardiovascular disease,0.6472222222222223,0.40708712441713746,87,15,literature_only
ots__all,disorder of visual system,0.5,0.14700854700854699,36,4,literature_only
ots__all,endocrine system disease,0.5052742616033755,0.05205925800920432,245,8,literature_only
ots__all,gastrointestinal disease,0.5298804780876494,0.05374109057556567,260,9,literature_only
ots__all,"genetic, familial or congenital disease",0.4332273449920509,0.06417788327524376,239,17,literature_only
ots__all,hematologic disease,0.6233128834355828,0.24390635675803318,178,15,literature_only
ots__all,immune system disease,0.4988989209425236,0.1342131852916244,258,19,literature_only
ots__all,infectious disease,0.3475609756097561,0.025384615384615387,84,2,literature_only
ots__all,infectious disease or post-infectious disorder,0.3475609756097561,0.025384615384615387,84,2,literature_only
ots__all,integumentary system disease,0.26958333333333334,0.05700726440472407,130,10,literature_only
ots__all,musculoskeletal or connective tissue disease,0.6673177083333334,0.29628464692544904,160,16,literature_only
ots__all,nervous system disease,0.53328173374613,0.09942481557888203,223,19,literature_only
ots__all,nutritional or metabolic disease,0.6764705882352942,0.0804093567251462,53,2,literature_only
ots__all,phenotype,0.25862068965517243,0.07405764966740577,63,5,literature_only
ots__all,psychiatric disorder,0.5246376811594203,0.09695977739456,74,5,literature_only
ots__all,reproductive system or breast disease,0.33464566929133854,0.02809488510007413,131,4,literature_only
ots__all,respiratory or thoracic disease,0.4962468723936614,0.10736717732635431,120,11,literature_only
ots__all,urinary system disease,0.6242997198879551,0.2497203568170607,116,14,literature_only
p3_lambdarank,all,0.6189189189189188,0.16194744862310012,3022,222,literature_only
p3_lambdarank,biological process,0.125,0.5358946608946609,12,8,literature_only
p3_lambdarank,cancer or benign tumor,0.4640865110984633,0.07393454948889722,788,35,literature_only
p3_lambdarank,cardiovascular disease,0.5305555555555557,0.2400973273639594,87,15,literature_only
p3_lambdarank,disorder of visual system,0.2578125,0.09160015176639218,36,4,literature_only
p3_lambdarank,endocrine system disease,0.5733122362869199,0.04716870464792873,245,8,literature_only
p3_lambdarank,gastrointestinal disease,0.5059760956175299,0.04244548608291076,260,9,literature_only
p3_lambdarank,"genetic, familial or congenital disease",0.785903550609433,0.2658939589232251,239,17,literature_only
p3_lambdarank,hematologic disease,0.878118609406953,0.5909120906442558,178,15,literature_only
p3_lambdarank,immune system disease,0.8044483593922043,0.3390886167204413,258,19,literature_only
p3_lambdarank,infectious disease,0.8841463414634146,0.1380952380952381,84,2,literature_only
p3_lambdarank,infectious disease or post-infectious disorder,0.8841463414634146,0.1380952380952381,84,2,literature_only
p3_lambdarank,integumentary system disease,0.5991666666666666,0.14361504777932843,130,10,literature_only
p3_lambdarank,musculoskeletal or connective tissue disease,0.7061631944444444,0.31407486544942215,160,16,literature_only
p3_lambdarank,nervous system disease,0.6736326109391124,0.2798464322667741,223,19,literature_only
p3_lambdarank,nutritional or metabolic disease,0.0784313725490196,0.030341880341880345,53,2,literature_only
p3_lambdarank,phenotype,0.6517241379310346,0.19706742346061232,63,5,literature_only
p3_lambdarank,psychiatric disorder,0.5217391304347826,0.2634974533106961,74,5,literature_only
p3_lambdarank,reproductive system or breast disease,0.5196850393700787,0.07672294103745717,131,4,literature_only
p3_lambdarank,respiratory or thoracic disease,0.5754795663052543,0.20304813969834687,120,11,literature_only
p3_lambdarank,urinary system disease,0.6498599439775911,0.38058619586246556,116,14,literature_only
rdg__all__positive,all,0.7068918918918918,0.14427059185646665,3022,222,literature_only
rdg__all__positive,biological process,0.40625,0.6737959956709956,12,8,literature_only
rdg__all__positive,cancer or benign tumor,0.7077404667046101,0.09186697278167374,788,35,literature_only
rdg__all__positive,cardiovascular disease,0.7814814814814814,0.47712296738486093,87,15,literature_only
rdg__all__positive,disorder of visual system,0.8359375,0.4017857142857143,36,4,literature_only
rdg__all__positive,endocrine system disease,0.6753691983122363,0.08287032222640683,245,8,literature_only
rdg__all__positive,gastrointestinal disease,0.7246569278441788,0.11089090270227256,260,9,literature_only
rdg__all__positive,"genetic, familial or congenital disease",0.7093269740328564,0.12950275017440233,239,17,literature_only
rdg__all__positive,hematologic disease,0.7599182004089979,0.2522866783290467,178,15,literature_only
rdg__all__positive,immune system disease,0.7555604492402554,0.21428292813916383,258,19,literature_only
rdg__all__positive,infectious disease,0.6463414634146342,0.04793028322440087,84,2,literature_only
rdg__all__positive,infectious disease or post-infectious disorder,0.6463414634146342,0.04793028322440087,84,2,literature_only
rdg__all__positive,integumentary system disease,0.6858333333333333,0.12306610255853376,130,10,literature_only
rdg__all__positive,musculoskeletal or connective tissue disease,0.7586805555555555,0.36413940272953194,160,16,literature_only
rdg__all__positive,nervous system disease,0.7524509803921567,0.17636784832088673,223,19,literature_only
rdg__all__positive,nutritional or metabolic disease,0.8921568627450981,0.3333333333333333,53,2,literature_only
rdg__all__positive,phenotype,0.5241379310344827,0.09202752639517345,63,5,literature_only
rdg__all__positive,psychiatric disorder,0.47246376811594204,0.0726364522417154,74,5,literature_only
rdg__all__positive,reproductive system or breast disease,0.7480314960629921,0.07075088099756031,131,4,literature_only
rdg__all__positive,respiratory or thoracic disease,0.7022518765638032,0.1806227396806509,120,11,literature_only
rdg__all__positive,urinary system disease,0.7219887955182073,0.30732866330184205,116,14,literature_only
rdg__no_time__positive,all,0.5033333333333334,0.09224518309536349,3022,222,literature_only
rdg__no_time__positive,biological process,0.34375,0.603720238095238,12,8,literature_only
rdg__no_time__positive,cancer or benign tumor,0.5108708025042686,0.05771807187431281,788,35,literature_only
rdg__no_time__positive,cardiovascular disease,0.6555555555555556,0.4169902613589298,87,15,literature_only
rdg__no_time__positive,disorder of visual system,0.421875,0.12872545582047684,36,4,literature_only
rdg__no_time__positive,endocrine system disease,0.4796940928270042,0.05855407414294769,245,8,literature_only
rdg__no_time__positive,gastrointestinal disease,0.6038069942452412,0.06795568478108577,260,9,literature_only
rdg__no_time__positive,"genetic, familial or congenital disease",0.49695283518812927,0.06964323722808063,239,17,literature_only
rdg__no_time__positive,hematologic disease,0.5615541922290389,0.2088314585634455,178,15,literature_only
rdg__no_time__positive,immune system disease,0.43206342215371063,0.14067805573503978,258,19,literature_only
rdg__no_time__positive,infectious disease,0.6829268292682927,0.05371352785145889,84,2,literature_only
rdg__no_time__positive,infectious disease or post-infectious disorder,0.6829268292682927,0.05371352785145889,84,2,literature_only
rdg__no_time__positive,integumentary system disease,0.32791666666666663,0.05894613859478889,130,10,literature_only
rdg__no_time__positive,musculoskeletal or connective tissue disease,0.6354166666666667,0.2913479517092741,160,16,literature_only
rdg__no_time__positive,nervous system disease,0.5519865841073271,0.10206451087339846,223,19,literature_only
rdg__no_time__positive,nutritional or metabolic disease,0.607843137254902,0.09107142857142857,53,2,literature_only
rdg__no_time__positive,phenotype,0.10344827586206898,0.05274131939878014,63,5,literature_only
rdg__no_time__positive,psychiatric disorder,0.32028985507246377,0.0567065287653523,74,5,literature_only
rdg__no_time__positive,reproductive system or breast disease,0.4724409448818897,0.03565751105796872,131,4,literature_only
rdg__no_time__positive,respiratory or thoracic disease,0.5346121768140116,0.14271305562865666,120,11,literature_only
rdg__no_time__positive,urinary system disease,0.572829131652661,0.24638920023861766,116,14,literature_only
ots__all,all,0.6356156156156157,0.22151605707895836,974,74,direct_evidence
ots__all,cancer or benign tumor,0.6120974076983503,0.09710636134084032,354,19,direct_evidence
ots__all,cardiovascular disease,0.5925925925925926,0.640079365079365,15,6,direct_evidence
ots__all,disorder of visual system,0.5555555555555556,0.3194444444444444,12,3,direct_evidence
ots__all,endocrine system disease,0.6428571428571428,0.04976851851851852,79,2,direct_evidence
ots__all,gastrointestinal disease,0.8166666666666667,0.1903715332286761,101,5,direct_evidence
ots__all,"genetic, familial or congenital disease",0.7214285714285714,0.24415891716321364,147,7,direct_evidence
ots__all,hematologic disease,0.5577956989247311,0.2929333918256928,97,4,direct_evidence
ots__all,immune system disease,0.6817460317460318,0.39776192276192274,111,6,direct_evidence
ots__all,infectious disease,0.6363636363636362,0.1111111111111111,23,1,direct_evidence
ots__all,infectious disease or post-infectious disorder,0.6363636363636362,0.1111111111111111,23,1,direct_evidence
ots__all,integumentary system disease,0.25,0.04,33,1,direct_evidence
ots__all,musculoskeletal or connective tissue disease,0.5548469387755102,0.34042073767305964,57,8,direct_evidence
ots__all,nervous system disease,0.44186046511627913,0.18396250501513658,48,5,direct_evidence
ots__all,nutritional or metabolic disease,1.0,1.0,9,2,direct_evidence
ots__all,pancreas disease,0.7916666666666666,0.16666666666666666,25,1,direct_evidence
ots__all,psychiatric disorder,0.0,0.14285714285714285,7,1,direct_evidence
ots__all,respiratory or thoracic disease,0.6583333333333334,0.3883285984848485,38,8,direct_evidence
ots__all,urinary system disease,0.26875000000000004,0.11745274686451157,37,5,direct_evidence
p3_lambdarank,all,0.6467267267267268,0.17093045771943433,974,74,direct_evidence
p3_lambdarank,cancer or benign tumor,0.5393558523173605,0.06250207201916312,354,19,direct_evidence
p3_lambdarank,cardiovascular disease,0.5370370370370371,0.5254629629629629,15,6,direct_evidence
p3_lambdarank,disorder of visual system,0.7407407407407408,0.4444444444444445,12,3,direct_evidence
p3_lambdarank,endocrine system disease,0.5454545454545454,0.5138888888888888,79,2,direct_evidence
p3_lambdarank,gastrointestinal disease,0.6083333333333334,0.29426721508275444,101,5,direct_evidence
p3_lambdarank,"genetic, familial or congenital disease",0.9020408163265307,0.4066075816075816,147,7,direct_evidence
p3_lambdarank,hematologic disease,0.9032258064516129,0.21334586466165412,97,4,direct_evidence
p3_lambdarank,immune system disease,0.8968253968253967,0.24771436352318707,111,6,direct_evidence
p3_lambdarank,infectious disease,0.5454545454545454,0.09090909090909091,23,1,direct_evidence
p3_lambdarank,infectious disease or post-infectious disorder,0.5454545454545454,0.09090909090909091,23,1,direct_evidence
p3_lambdarank,integumentary system disease,1.0,1.0,33,1,direct_evidence
p3_lambdarank,musculoskeletal or connective tissue disease,0.7551020408163266,0.28866854636591477,57,8,direct_evidence
p3_lambdarank,nervous system disease,0.7162790697674418,0.5361668119732635,48,5,direct_evidence
p3_lambdarank,nutritional or metabolic disease,0.7857142857142857,0.7,9,2,direct_evidence
p3_lambdarank,pancreas disease,1.0,1.0,25,1,direct_evidence
p3_lambdarank,psychiatric disorder,0.0,0.14285714285714285,7,1,direct_evidence
p3_lambdarank,respiratory or thoracic disease,0.5458333333333334,0.23847740877895157,38,8,direct_evidence
p3_lambdarank,urinary system disease,0.6812499999999999,0.21483660130718957,37,5,direct_evidence
rdg__all__positive,all,0.7584984984984986,0.27798180451607873,974,74,direct_evidence
rdg__all__positive,cancer or benign tumor,0.6774548311076198,0.11519164200715552,354,19,direct_evidence
rdg__all__positive,cardiovascular disease,0.8518518518518519,0.8592592592592592,15,6,direct_evidence
rdg__all__positive,disorder of visual system,0.4444444444444445,0.2777777777777778,12,3,direct_evidence
rdg__all__positive,endocrine system disease,0.7727272727272727,0.527027027027027,79,2,direct_evidence
rdg__all__positive,gastrointestinal disease,0.8354166666666667,0.3822103386809269,101,5,direct_evidence
rdg__all__positive,"genetic, familial or congenital disease",0.8357142857142857,0.3157081014223871,147,7,direct_evidence
rdg__all__positive,hematologic disease,0.8387096774193548,0.35287948131197555,97,4,direct_evidence
rdg__all__positive,immune system disease,0.7857142857142857,0.4465496971146182,111,6,direct_evidence
rdg__all__positive,infectious disease,0.9545454545454546,0.5,23,1,direct_evidence
rdg__all__positive,infectious disease or post-infectious disorder,0.9545454545454546,0.5,23,1,direct_evidence
rdg__all__positive,integumentary system disease,0.9375,0.3333333333333333,33,1,direct_evidence
rdg__all__positive,musculoskeletal or connective tissue disease,0.836734693877551,0.6050399831649832,57,8,direct_evidence
rdg__all__positive,nervous system disease,0.6,0.21668436154949786,48,5,direct_evidence
rdg__all__positive,nutritional or metabolic disease,1.0,1.0,9,2,direct_evidence
rdg__all__positive,pancreas disease,1.0,1.0,25,1,direct_evidence
rdg__all__positive,psychiatric disorder,0.5,0.25,7,1,direct_evidence
rdg__all__positive,respiratory or thoracic disease,0.7625000000000001,0.5651893939393939,38,8,direct_evidence
rdg__all__positive,urinary system disease,0.7,0.3255938697318008,37,5,direct_evidence
rdg__no_time__positive,all,0.6403003003003003,0.18279591011870522,974,74,direct_evidence
rdg__no_time__positive,cancer or benign tumor,0.5596229379418696,0.07238935014035718,354,19,direct_evidence
rdg__no_time__positive,cardiovascular disease,0.6851851851851852,0.6824786324786324,15,6,direct_evidence
rdg__no_time__positive,disorder of visual system,0.48148148148148145,0.29444444444444445,12,3,direct_evidence
rdg__no_time__positive,endocrine system disease,0.6103896103896104,0.5161290322580645,79,2,direct_evidence
rdg__no_time__positive,gastrointestinal disease,0.85625,0.27113630229419705,101,5,direct_evidence
rdg__no_time__positive,"genetic, familial or congenital disease",0.6265306122448979,0.18414699521498393,147,7,direct_evidence
rdg__no_time__positive,hematologic disease,0.6774193548387097,0.1479129530600119,97,4,direct_evidence
rdg__no_time__positive,immune system disease,0.7714285714285715,0.33348344122337925,111,6,direct_evidence
rdg__no_time__positive,infectious disease,0.7272727272727273,0.14285714285714285,23,1,direct_evidence
rdg__no_time__positive,infectious disease or post-infectious disorder,0.7272727272727273,0.14285714285714285,23,1,direct_evidence
rdg__no_time__positive,integumentary system disease,0.84375,0.16666666666666666,33,1,direct_evidence
rdg__no_time__positive,musculoskeletal or connective tissue disease,0.6964285714285714,0.33301012712777417,57,8,direct_evidence
rdg__no_time__positive,nervous system disease,0.3674418604651163,0.14033385712008378,48,5,direct_evidence
rdg__no_time__positive,nutritional or metabolic disease,1.0,1.0,9,2,direct_evidence
rdg__no_time__positive,pancreas disease,1.0,1.0,25,1,direct_evidence
rdg__no_time__positive,psychiatric disorder,0.16666666666666663,0.16666666666666666,7,1,direct_evidence
rdg__no_time__positive,respiratory or thoracic disease,0.625,0.3442864247821144,38,8,direct_evidence
rdg__no_time__positive,urinary system disease,0.5875,0.24934065934065935,37,5,direct_evidence
ots__all,all,0.4955357142857143,0.06666666666666667,240,16,pioneer__evidence_free
ots__all,cancer or benign tumor,0.5,0.037037037037037035,81,3,pioneer__evidence_free
ots__all,disorder of visual system,0.5,0.2857142857142857,7,2,pioneer__evidence_free
ots__all,"genetic, familial or congenital disease",0.5,0.17857142857142858,28,5,pioneer__evidence_free
ots__all,hematologic disease,0.5,0.07142857142857142,14,1,pioneer__evidence_free
ots__all,immune system disease,0.47058823529411764,0.05555555555555555,18,1,pioneer__evidence_free
ots__all,integumentary system disease,0.5,0.375,8,3,pioneer__evidence_free
ots__all,musculoskeletal or connective tissue disease,0.4166666666666667,0.3333333333333333,9,3,pioneer__evidence_free
ots__all,nervous system disease,0.5,0.017857142857142856,56,1,pioneer__evidence_free
ots__all,nutritional or metabolic disease,0.5,0.3333333333333333,6,2,pioneer__evidence_free
ots__all,reproductive system or breast disease,0.5,0.16666666666666666,6,1,pioneer__evidence_free
p3_lambdarank,all,0.6930803571428572,0.12068359170186577,240,16,pioneer__evidence_free
p3_lambdarank,cancer or benign tumor,0.8632478632478633,0.2133838383838384,81,3,pioneer__evidence_free
p3_lambdarank,disorder of visual system,1.0,1.0,7,2,pioneer__evidence_free
p3_lambdarank,"genetic, familial or congenital disease",0.49565217391304345,0.19330808080808082,28,5,pioneer__evidence_free
p3_lambdarank,hematologic disease,0.7692307692307692,0.25,14,1,pioneer__evidence_free
p3_lambdarank,immune system disease,0.3529411764705882,0.08333333333333333,18,1,pioneer__evidence_free
p3_lambdarank,integumentary system disease,0.0,0.2757936507936508,8,3,pioneer__evidence_free
p3_lambdarank,musculoskeletal or connective tissue disease,0.7777777777777779,0.5888888888888888,9,3,pioneer__evidence_free
p3_lambdarank,nervous system disease,0.8363636363636364,0.1,56,1,pioneer__evidence_free
p3_lambdarank,nutritional or metabolic disease,0.75,0.5833333333333333,6,2,pioneer__evidence_free
p3_lambdarank,reproductive system or breast disease,1.0,1.0,6,1,pioneer__evidence_free
rdg__all__positive,all,0.66015625,0.12859803391053393,240,16,pioneer__evidence_free
rdg__all__positive,cancer or benign tumor,0.5576923076923077,0.10679012345679012,81,3,pioneer__evidence_free
rdg__all__positive,disorder of visual system,0.5,0.3666666666666667,7,2,pioneer__evidence_free
rdg__all__positive,"genetic, familial or congenital disease",0.5304347826086957,0.2285064935064935,28,5,pioneer__evidence_free
rdg__all__positive,hematologic disease,0.8076923076923076,0.25,14,1,pioneer__evidence_free
rdg__all__positive,immune system disease,0.7647058823529411,0.2,18,1,pioneer__evidence_free
rdg__all__positive,integumentary system disease,0.8,0.6388888888888888,8,3,pioneer__evidence_free
rdg__all__positive,musculoskeletal or connective tissue disease,0.5,0.4206349206349206,9,3,pioneer__evidence_free
rdg__all__positive,nervous system disease,0.0,0.017857142857142856,56,1,pioneer__evidence_free
rdg__all__positive,nutritional or metabolic disease,0.5,0.41666666666666663,6,2,pioneer__evidence_free
rdg__all__positive,reproductive system or breast disease,0.4,0.25,6,1,pioneer__evidence_free
rdg__no_time__positive,all,0.2784598214285714,0.04874546235885675,240,16,pioneer__evidence_free
rdg__no_time__positive,cancer or benign tumor,0.3568376068376068,0.03805860805860806,81,3,pioneer__evidence_free
rdg__no_time__positive,disorder of visual system,0.09999999999999998,0.24285714285714285,7,2,pioneer__evidence_free
rdg__no_time__positive,"genetic, familial or congenital disease",0.2782608695652174,0.14457202836150204,28,5,pioneer__evidence_free
rdg__no_time__positive,hematologic disease,0.6538461538461539,0.16666666666666666,14,1,pioneer__evidence_free
rdg__no_time__positive,immune system disease,0.7058823529411764,0.16666666666666666,18,1,pioneer__evidence_free
rdg__no_time__positive,integumentary system disease,0.5333333333333333,0.4444444444444445,8,3,pioneer__evidence_free
rdg__no_time__positive,musculoskeletal or connective tissue disease,0.3333333333333333,0.373015873015873,9,3,pioneer__evidence_free
rdg__no_time__positive,nervous system disease,0.10909090909090913,0.02,56,1,pioneer__evidence_free
rdg__no_time__positive,nutritional or metabolic disease,0.0,0.26666666666666666,6,2,pioneer__evidence_free
rdg__no_time__positive,reproductive system or breast disease,0.0,0.16666666666666666,6,1,pioneer__evidence_free
ots__all,all,0.3936170212765957,0.25209652147384237,118,24,pioneer__literature_only
ots__all,cancer or benign tumor,0.3,0.14732767232767233,28,5,pioneer__literature_only
ots__all,cardiovascular disease,1.0,1.0,3,1,pioneer__literature_only
ots__all,endocrine system disease,0.0,0.16666666666666666,6,1,pioneer__literature_only
ots__all,"genetic, familial or congenital disease",0.375,0.554861111111111,9,4,pioneer__literature_only
ots__all,hematologic disease,0.90625,0.9166666666666666,8,4,pioneer__literature_only
ots__all,immune system disease,0.59375,0.38125,16,4,pioneer__literature_only
ots__all,musculoskeletal or connective tissue disease,0.6363636363636364,0.26785714285714285,13,2,pioneer__literature_only
ots__all,nervous system disease,0.26666666666666666,0.3416666666666666,8,3,pioneer__literature_only
ots__all,phenotype,0.33333333333333337,0.3333333333333333,4,1,pioneer__literature_only
ots__all,respiratory or thoracic disease,0.0,0.325,5,2,pioneer__literature_only
ots__all,urinary system disease,0.5,0.375,9,2,pioneer__literature_only
p3_lambdarank,all,0.675531914893617,0.5410323849075414,118,24,pioneer__literature_only
p3_lambdarank,cancer or benign tumor,0.6434782608695653,0.4128205128205128,28,5,pioneer__literature_only
p3_lambdarank,cardiovascular disease,0.5,0.5,3,1,pioneer__literature_only
p3_lambdarank,endocrine system disease,0.19999999999999996,0.2,6,1,pioneer__literature_only
p3_lambdarank,"genetic, familial or congenital disease",0.39999999999999997,0.5654761904761905,9,4,pioneer__literature_only
p3_lambdarank,hematologic disease,0.5625,0.6845238095238095,8,4,pioneer__literature_only
p3_lambdarank,immune system disease,0.5208333333333333,0.5369047619047619,16,4,pioneer__literature_only
p3_lambdarank,musculoskeletal or connective tissue disease,0.45454545454545453,0.3269230769230769,13,2,pioneer__literature_only
p3_lambdarank,nervous system disease,0.8,0.8333333333333333,8,3,pioneer__literature_only
p3_lambdarank,phenotype,0.6666666666666667,0.5,4,1,pioneer__literature_only
p3_lambdarank,respiratory or thoracic disease,0.6666666666666667,0.75,5,2,pioneer__literature_only
p3_lambdarank,urinary system disease,1.0,1.0,9,2,pioneer__literature_only
rdg__all__positive,all,0.5957446808510639,0.32813993563161625,118,24,pioneer__literature_only
rdg__all__positive,cancer or benign tumor,0.6434782608695653,0.2567023172905526,28,5,pioneer__literature_only
rdg__all__positive,cardiovascular disease,1.0,1.0,3,1,pioneer__literature_only
rdg__all__positive,endocrine system disease,0.19999999999999996,0.2,6,1,pioneer__literature_only
rdg__all__positive,"genetic, familial or congenital disease",0.75,0.7470238095238095,9,4,pioneer__literature_only
rdg__all__positive,hematologic disease,1.0,1.0,8,4,pioneer__literature_only
rdg__all__positive,immune system disease,0.7708333333333334,0.698051948051948,16,4,pioneer__literature_only
rdg__all__positive,musculoskeletal or connective tissue disease,0.8181818181818181,0.6666666666666666,13,2,pioneer__literature_only
rdg__all__positive,nervous system disease,0.6,0.6428571428571429,8,3,pioneer__literature_only
rdg__all__positive,phenotype,0.33333333333333337,0.3333333333333333,4,1,pioneer__literature_only
rdg__all__positive,respiratory or thoracic disease,0.16666666666666669,0.3666666666666667,5,2,pioneer__literature_only
rdg__all__positive,urinary system disease,0.7142857142857143,0.6666666666666666,9,2,pioneer__literature_only
rdg__no_time__positive,all,0.3953900709219858,0.2582352560039137,118,24,pioneer__literature_only
rdg__no_time__positive,cancer or benign tumor,0.3739130434782609,0.1816462874357611,28,5,pioneer__literature_only
rdg__no_time__positive,cardiovascular disease,1.0,1.0,3,1,pioneer__literature_only
rdg__no_time__positive,endocrine system disease,0.0,0.16666666666666666,6,1,pioneer__literature_only
rdg__no_time__positive,"genetic, familial or congenital disease",0.6,0.7321428571428572,9,4,pioneer__literature_only
rdg__no_time__positive,hematologic disease,0.8125,0.8928571428571428,8,4,pioneer__literature_only
rdg__no_time__positive,immune system disease,0.5625,0.625,16,4,pioneer__literature_only
rdg__no_time__positive,musculoskeletal or connective tissue disease,0.5909090909090908,0.35,13,2,pioneer__literature_only
rdg__no_time__positive,nervous system disease,0.4666666666666666,0.5873015873015872,8,3,pioneer__literature_only
rdg__no_time__positive,phenotype,0.33333333333333337,0.3333333333333333,4,1,pioneer__literature_only
rdg__no_time__positive,respiratory or thoracic disease,0.0,0.325,5,2,pioneer__literature_only
rdg__no_time__positive,urinary system disease,0.5,0.375,9,2,pioneer__literature_only
ots__all,all,0.6758241758241758,0.4241086089608257,66,14,pioneer__direct_evidence
ots__all,cancer or benign tumor,0.6285714285714286,0.3854901960784314,19,5,pioneer__direct_evidence
ots__all,endocrine system disease,0.6666666666666667,0.5,4,1,pioneer__direct_evidence
ots__all,gastrointestinal disease,0.6666666666666667,0.5,4,1,pioneer__direct_evidence
ots__all,"genetic, familial or congenital disease",1.0,1.0,12,1,pioneer__direct_evidence
ots__all,nervous system disease,1.0,1.0,4,1,pioneer__direct_evidence
ots__all,pancreas disease,1.0,1.0,2,1,pioneer__direct_evidence
ots__all,respiratory or thoracic disease,0.75,0.9166666666666666,6,4,pioneer__direct_evidence
ots__all,urinary system disease,0.6666666666666667,0.5,4,1,pioneer__direct_evidence
p3_lambdarank,all,0.5219780219780219,0.3613488368597656,66,14,pioneer__direct_evidence
p3_lambdarank,cancer or benign tumor,0.6142857142857143,0.3479365079365079,19,5,pioneer__direct_evidence
p3_lambdarank,endocrine system disease,1.0,1.0,4,1,pioneer__direct_evidence
p3_lambdarank,gastrointestinal disease,1.0,1.0,4,1,pioneer__direct_evidence
p3_lambdarank,"genetic, familial or congenital disease",1.0,1.0,12,1,pioneer__direct_evidence
p3_lambdarank,nervous system disease,1.0,1.0,4,1,pioneer__direct_evidence
p3_lambdarank,pancreas disease,1.0,1.0,2,1,pioneer__direct_evidence
p3_lambdarank,respiratory or thoracic disease,0.875,0.95,6,4,pioneer__direct_evidence
p3_lambdarank,urinary system disease,0.33333333333333337,0.3333333333333333,4,1,pioneer__direct_evidence
rdg__all__positive,all,0.5439560439560439,0.3019430760810071,66,14,pioneer__direct_evidence
rdg__all__positive,cancer or benign tumor,0.4285714285714286,0.25935188994012526,19,5,pioneer__direct_evidence
rdg__all__positive,endocrine system disease,1.0,1.0,4,1,pioneer__direct_evidence
rdg__all__positive,gastrointestinal disease,1.0,1.0,4,1,pioneer__direct_evidence
rdg__all__positive,"genetic, familial or congenital disease",0.9090909090909091,0.5,12,1,pioneer__direct_evidence
rdg__all__positive,nervous system disease,0.6666666666666667,0.5,4,1,pioneer__direct_evidence
rdg__all__positive,pancreas disease,1.0,1.0,2,1,pioneer__direct_evidence
rdg__all__positive,respiratory or thoracic disease,0.625,0.8041666666666667,6,4,pioneer__direct_evidence
rdg__all__positive,urinary system disease,0.0,0.25,4,1,pioneer__direct_evidence
rdg__no_time__positive,all,0.5549450549450549,0.312889375117636,66,14,pioneer__direct_evidence
rdg__no_time__positive,cancer or benign tumor,0.4,0.2588522588522588,19,5,pioneer__direct_evidence
rdg__no_time__positive,endocrine system disease,1.0,1.0,4,1,pioneer__direct_evidence
rdg__no_time__positive,gastrointestinal disease,1.0,1.0,4,1,pioneer__direct_evidence
rdg__no_time__positive,"genetic, familial or congenital disease",0.9090909090909091,0.5,12,1,pioneer__direct_evidence
rdg__no_time__positive,nervous system disease,0.6666666666666667,0.5,4,1,pioneer__direct_evidence
rdg__no_time__positive,pancreas disease,1.0,1.0,2,1,pioneer__direct_evidence
rdg__no_time__positive,respiratory or thoracic disease,0.5,0.8166666666666667,6,4,pioneer__direct_evidence
rdg__no_time__positive,urinary system disease,0.33333333333333337,0.3333333333333333,4,1,pioneer__direct_evidence
ots__all,all,0.5027341719260912,0.07941398571248903,13530,1056,known__evidence_free
ots__all,biological process,0.4965277777777778,0.006896551724137931,145,1,known__evidence_free
ots__all,cancer or benign tumor,0.498344979771975,0.021590500179920834,2779,60,known__evidence_free
ots__all,cardiovascular disease,0.5018146718146718,0.2848739495798319,510,140,known__evidence_free
ots__all,disorder of visual system,0.5,0.038922155688622756,334,13,known__evidence_free
ots__all,endocrine system disease,0.5,0.022598870056497175,708,16,known__evidence_free
ots__all,gastrointestinal disease,0.4969097651421508,0.02997601918465228,834,25,known__evidence_free
ots__all,"genetic, familial or congenital disease",0.49860529986053,0.09297912713472485,1581,147,known__evidence_free
ots__all,hematologic disease,0.4973821989528796,0.025510204081632654,784,20,known__evidence_free
ots__all,immune system disease,0.49726177437020813,0.03078556263269639,942,29,known__evidence_free
ots__all,infectious disease,0.5197032232704403,0.09300595238095238,448,24,known__evidence_free
ots__all,infectious disease or post-infectious disorder,0.5197032232704403,0.09300595238095238,448,24,known__evidence_free
ots__all,integumentary system disease,0.49793388429752067,0.03006012024048096,499,15,known__evidence_free
ots__all,musculoskeletal or connective tissue disease,0.49476439790575916,0.059113300492610835,609,36,known__evidence_free
ots__all,nervous system disease,0.49920571882446385,0.04837490551776266,1323,64,known__evidence_free
ots__all,nutritional or metabolic disease,0.5,0.03319502074688797,241,8,known__evidence_free
ots__all,pancreas disease,0.5,0.017543859649122806,114,2,known__evidence_free
ots__all,phenotype,0.49595959595959593,0.05534351145038168,524,29,known__evidence_free
ots__all,pregnancy or perinatal disease,0.5,0.047619047619047616,21,1,known__evidence_free
ots__all,psychiatric disorder,0.497787610619469,0.19572953736654805,281,55,known__evidence_free
ots__all,reproductive system or breast disease,0.4992947813822285,0.09335038363171355,782,73,known__evidence_free
ots__all,respiratory or thoracic disease,0.4952038369304556,0.07538802660753881,451,34,known__evidence_free
ots__all,urinary system disease,0.5071288149180233,0.231330369663156,554,121,known__evidence_free
p3_lambdarank,all,0.6258168505643253,0.11344103755144086,13530,1056,known__evidence_free
p3_lambdarank,biological process,0.0,0.006896551724137931,145,1,known__evidence_free
p3_lambdarank,cancer or benign tumor,0.4865085202893221,0.02247769783786077,2779,60,known__evidence_free
p3_lambdarank,cardiovascular disease,0.6184169884169883,0.517492695941313,510,140,known__evidence_free
p3_lambdarank,disorder of visual system,0.472561706206566,0.126490596119278,334,13,known__evidence_free
p3_lambdarank,endocrine system disease,0.6505599710982659,0.10219892538315345,708,16,known__evidence_free
p3_lambdarank,gastrointestinal disease,0.5518417799752782,0.07873082247409047,834,25,known__evidence_free
p3_lambdarank,"genetic, familial or congenital disease",0.6015759162800406,0.11359925619447883,1581,147,known__evidence_free
p3_lambdarank,hematologic disease,0.5822643979057591,0.04649529420636077,784,20,known__evidence_free
p3_lambdarank,immune system disease,0.5321977565434151,0.05139055190940128,942,29,known__evidence_free
p3_lambdarank,infectious disease,0.44693396226415094,0.04645680260771609,448,24,known__evidence_free
p3_lambdarank,infectious disease or post-infectious disorder,0.44693396226415094,0.04645680260771609,448,24,known__evidence_free
p3_lambdarank,integumentary system disease,0.5756198347107438,0.10669404287281248,499,15,known__evidence_free
p3_lambdarank,musculoskeletal or connective tissue disease,0.5780007756447546,0.09824799864263103,609,36,known__evidence_free
p3_lambdarank,nervous system disease,0.41339853057982523,0.04390074677939537,1323,64,known__evidence_free
p3_lambdarank,nutritional or metabolic disease,0.5600858369098712,0.20437408891417297,241,8,known__evidence_free
p3_lambdarank,pancreas disease,0.9508928571428571,0.2111111111111111,114,2,known__evidence_free
p3_lambdarank,phenotype,0.6357366771159875,0.09333212669961044,524,29,known__evidence_free
p3_lambdarank,pregnancy or perinatal disease,0.19999999999999996,0.058823529411764705,21,1,known__evidence_free
p3_lambdarank,psychiatric disorder,0.1580048270313757,0.12047345245551389,281,55,known__evidence_free
p3_lambdarank,reproductive system or breast disease,0.7938636319724868,0.24585131583218037,782,73,known__evidence_free
p3_lambdarank,respiratory or thoracic disease,0.5671462829736211,0.08158075496222102,451,34,known__evidence_free
p3_lambdarank,urinary system disease,0.4231481304754452,0.17929984855082162,554,121,known__evidence_free
rdg__all__positive,all,0.7616729160289766,0.22277129845574692,13530,1056,known__evidence_free
rdg__all__positive,biological process,0.8402777777777778,0.041666666666666664,145,1,known__evidence_free
rdg__all__positive,cancer or benign tumor,0.752874831433125,0.056291807186495346,2779,60,known__evidence_free
rdg__all__positive,cardiovascular disease,0.8541023166023166,0.5672567472377277,510,140,known__evidence_free
rdg__all__positive,disorder of visual system,0.5080277977474239,0.03920694871448333,334,13,known__evidence_free
rdg__all__positive,endocrine system disease,0.7515354046242774,0.07677878779009352,708,16,known__evidence_free
rdg__all__positive,gastrointestinal disease,0.7375278121137205,0.10521059635529184,834,25,known__evidence_free
rdg__all__positive,"genetic, familial or congenital disease",0.8974065218835093,0.5402554461511752,1581,147,known__evidence_free
rdg__all__positive,hematologic disease,0.800425392670157,0.08124817809028863,784,20,known__evidence_free
rdg__all__positive,immune system disease,0.7531253540809004,0.06969581530286387,942,29,known__evidence_free
rdg__all__positive,infectious disease,0.67875393081761,0.10129703626128202,448,24,known__evidence_free
rdg__all__positive,infectious disease or post-infectious disorder,0.67875393081761,0.10129703626128202,448,24,known__evidence_free
rdg__all__positive,integumentary system disease,0.7104683195592286,0.058807717934307654,499,15,known__evidence_free
rdg__all__positive,musculoskeletal or connective tissue disease,0.3367994958309094,0.04710406634627076,609,36,known__evidence_free
rdg__all__positive,nervous system disease,0.7358332505957109,0.0864844939747051,1323,64,known__evidence_free
rdg__all__positive,nutritional or metabolic disease,0.7867489270386266,0.2867117315061094,241,8,known__evidence_free
rdg__all__positive,pancreas disease,0.9598214285714285,0.5909090909090909,114,2,known__evidence_free
rdg__all__positive,phenotype,0.776105886450714,0.15596468985313677,524,29,known__evidence_free
rdg__all__positive,pregnancy or perinatal disease,0.09999999999999998,0.05263157894736842,21,1,known__evidence_free
rdg__all__positive,psychiatric disorder,0.6438857602574417,0.23825336579783712,281,55,known__evidence_free
rdg__all__positive,reproductive system or breast disease,0.9246092316015224,0.544073438120555,782,73,known__evidence_free
rdg__all__positive,respiratory or thoracic disease,0.4324305261673015,0.06303700257960784,451,34,known__evidence_free
rdg__all__positive,urinary system disease,0.9553184585727101,0.8253850645364624,554,121,known__evidence_free
rdg__no_time__positive,all,0.6735872736504049,0.12789183542116375,13530,1056,known__evidence_free
rdg__no_time__positive,biological process,0.38888888888888884,0.011235955056179775,145,1,known__evidence_free
rdg__no_time__positive,cancer or benign tumor,0.539916636018144,0.024411852401428714,2779,60,known__evidence_free
rdg__no_time__positive,cardiovascular disease,0.6509749034749034,0.36208863677550296,510,140,known__evidence_free
rdg__no_time__positive,disorder of visual system,0.5972921159837048,0.057534195577212,334,13,known__evidence_free
rdg__no_time__positive,endocrine system disease,0.6129425578034682,0.03893936722059415,708,16,known__evidence_free
rdg__no_time__positive,gastrointestinal disease,0.5099876390605685,0.0349033115037927,834,25,known__evidence_free
rdg__no_time__positive,"genetic, familial or congenital disease",0.7536788774087041,0.18513633633169507,1581,147,known__evidence_free
rdg__no_time__positive,hematologic disease,0.5762761780104712,0.03293314149240403,784,20,known__evidence_free
rdg__no_time__positive,immune system disease,0.41258450730822976,0.025858721722464777,942,29,known__evidence_free
rdg__no_time__positive,infectious disease,0.6543337264150944,0.09583894269260981,448,24,known__evidence_free
rdg__no_time__positive,infectious disease or post-infectious disorder,0.6543337264150944,0.09583894269260981,448,24,known__evidence_free
rdg__no_time__positive,integumentary system disease,0.4962809917355372,0.032301815515526876,499,15,known__evidence_free
rdg__no_time__positive,musculoskeletal or connective tissue disease,0.30441632732208646,0.051987047125287025,609,36,known__evidence_free
rdg__no_time__positive,nervous system disease,0.764774870929309,0.10872114314386247,1323,64,known__evidence_free
rdg__no_time__positive,nutritional or metabolic disease,0.7258583690987124,0.10559808267109834,241,8,known__evidence_free
rdg__no_time__positive,pancreas disease,0.9017857142857143,0.11688311688311688,114,2,known__evidence_free
rdg__no_time__positive,phenotype,0.4436433298502264,0.05321960949250305,524,29,known__evidence_free
rdg__no_time__positive,pregnancy or perinatal disease,0.09999999999999998,0.05263157894736842,21,1,known__evidence_free
rdg__no_time__positive,psychiatric disorder,0.6401448109412711,0.26318846757428405,281,55,known__evidence_free
rdg__no_time__positive,reproductive system or breast disease,0.7433294047182024,0.1876030643683308,782,73,known__evidence_free
rdg__no_time__positive,respiratory or thoracic disease,0.6889547185780787,0.12374340984813492,451,34,known__evidence_free
rdg__no_time__positive,urinary system disease,0.8729887580401963,0.5524910070852516,554,121,known__evidence_free
ots__all,all,0.4970324083406123,0.09121731047740061,2904,198,known__literature_only
ots__all,biological process,0.5625,0.6788059163059164,12,8,known__literature_only
ots__all,cancer or benign tumor,0.48557077625570777,0.045197384566754935,760,30,known__literature_only
ots__all,cardiovascular disease,0.6224489795918368,0.3471379066709145,84,14,known__literature_only
ots__all,disorder of visual system,0.5161290322580645,0.15654761904761905,35,4,known__literature_only
ots__all,endocrine system disease,0.5563423645320197,0.05734911844783591,239,7,known__literature_only
ots__all,gastrointestinal disease,0.5321637426900584,0.05588430361544468,256,9,known__literature_only
ots__all,"genetic, familial or congenital disease",0.4119106699751861,0.04869680459911566,230,13,known__literature_only
ots__all,hematologic disease,0.5911949685534591,0.2563665594429152,170,11,known__literature_only
ots__all,immune system disease,0.49045521292217326,0.13988974530767062,242,15,known__literature_only
ots__all,infectious disease,0.35443037974683544,0.02654569892473118,81,2,known__literature_only
ots__all,infectious disease or post-infectious disorder,0.35443037974683544,0.02654569892473118,81,2,known__literature_only
ots__all,integumentary system disease,0.2873873873873874,0.06244166822476929,121,10,known__literature_only
ots__all,musculoskeletal or connective tissue disease,0.6766917293233083,0.3246380331071599,147,14,known__literature_only
ots__all,nervous system disease,0.5303077889447236,0.08820787297760145,215,16,known__literature_only
ots__all,nutritional or metabolic disease,0.6632653061224489,0.0804093567251462,51,2,known__literature_only
ots__all,phenotype,0.2681818181818182,0.0641025641025641,59,4,known__literature_only
ots__all,psychiatric disorder,0.35024154589371975,0.0499465811965812,72,3,known__literature_only
ots__all,reproductive system or breast disease,0.35,0.030293383520869206,124,4,known__literature_only
ots__all,respiratory or thoracic disease,0.5807127882599581,0.121445634652696,115,9,known__literature_only
ots__all,urinary system disease,0.6451754385964912,0.26168961691178444,107,12,known__literature_only
p3_lambdarank,all,0.6053663015969002,0.11459969675202908,2904,198,known__literature_only
p3_lambdarank,biological process,0.125,0.5358946608946609,12,8,known__literature_only
p3_lambdarank,cancer or benign tumor,0.41652968036529675,0.03601106681057964,760,30,known__literature_only
p3_lambdarank,cardiovascular disease,0.5316326530612245,0.2901224844192477,84,14,known__literature_only
p3_lambdarank,disorder of visual system,0.2661290322580645,0.09569964349376114,35,4,known__literature_only
p3_lambdarank,endocrine system disease,0.5683497536945813,0.0448637216076858,239,7,known__literature_only
p3_lambdarank,gastrointestinal disease,0.5101214574898785,0.043469476119557426,256,9,known__literature_only
p3_lambdarank,"genetic, familial or congenital disease",0.8628146047500886,0.25723061695616073,230,13,known__literature_only
p3_lambdarank,hematologic disease,0.9536878216123499,0.651096464454588,170,11,known__literature_only
p3_lambdarank,immune system disease,0.8616740088105728,0.2730185984814233,242,15,known__literature_only
p3_lambdarank,infectious disease,0.8987341772151899,0.16025641025641024,81,2,known__literature_only
p3_lambdarank,infectious disease or post-infectious disorder,0.8987341772151899,0.16025641025641024,81,2,known__literature_only
p3_lambdarank,integumentary system disease,0.6018018018018018,0.15467924841428693,121,10,known__literature_only
p3_lambdarank,musculoskeletal or connective tissue disease,0.7357679914070892,0.41404345491051225,147,14,known__literature_only
p3_lambdarank,nervous system disease,0.6388190954773869,0.17008709172484396,215,16,known__literature_only
p3_lambdarank,nutritional or metabolic disease,0.08163265306122452,0.03162790697674418,51,2,known__literature_only
p3_lambdarank,phenotype,0.5818181818181818,0.09312397372742201,59,4,known__literature_only
p3_lambdarank,psychiatric disorder,0.30917874396135264,0.03859180035650624,72,3,known__literature_only
p3_lambdarank,reproductive system or breast disease,0.5333333333333333,0.07909309791332263,124,4,known__literature_only
p3_lambdarank,respiratory or thoracic disease,0.559748427672956,0.10090388003819645,115,9,known__literature_only
p3_lambdarank,urinary system disease,0.5894736842105264,0.22288808772216062,107,12,known__literature_only
rdg__all__positive,all,0.7142302552502109,0.1357461938190868,2904,198,known__literature_only
rdg__all__positive,biological process,0.40625,0.6737959956709956,12,8,known__literature_only
rdg__all__positive,cancer or benign tumor,0.711392694063927,0.08914398528654022,760,30,known__literature_only
rdg__all__positive,cardiovascular disease,0.7744897959183674,0.42364895258802815,84,14,known__literature_only
rdg__all__positive,disorder of visual system,0.8387096774193549,0.40595238095238095,35,4,known__literature_only
rdg__all__positive,endocrine system disease,0.6813423645320197,0.08690569512210113,239,7,known__literature_only
rdg__all__positive,gastrointestinal disease,0.7296446243814665,0.11565954017896632,256,9,known__literature_only
rdg__all__positive,"genetic, familial or congenital disease",0.71712158808933,0.11022929096451511,230,13,known__literature_only
rdg__all__positive,hematologic disease,0.73642081189251,0.2424507198296621,170,11,known__literature_only
rdg__all__positive,immune system disease,0.7618208516886931,0.2176004780298306,242,15,known__literature_only
rdg__all__positive,infectious disease,0.6582278481012658,0.051250000000000004,81,2,known__literature_only
rdg__all__positive,infectious disease or post-infectious disorder,0.6582278481012658,0.051250000000000004,81,2,known__literature_only
rdg__all__positive,integumentary system disease,0.6765765765765765,0.12729040007357506,121,10,known__literature_only
rdg__all__positive,musculoskeletal or connective tissue disease,0.7588614393125671,0.3745281213763006,147,14,known__literature_only
rdg__all__positive,nervous system disease,0.7777952261306532,0.17073106995793655,215,16,known__literature_only
rdg__all__positive,nutritional or metabolic disease,0.8877551020408163,0.3333333333333333,51,2,known__literature_only
rdg__all__positive,phenotype,0.5454545454545454,0.08592645776706498,59,4,known__literature_only
rdg__all__positive,psychiatric disorder,0.4444444444444444,0.04798212540148024,72,3,known__literature_only
rdg__all__positive,reproductive system or breast disease,0.7416666666666667,0.07261834026539908,124,4,known__literature_only
rdg__all__positive,respiratory or thoracic disease,0.7232704402515724,0.19742681009922391,115,9,known__literature_only
rdg__all__positive,urinary system disease,0.7385964912280703,0.3118002592155405,107,12,known__literature_only
rdg__no_time__positive,all,0.5197951428550098,0.08433498624509547,2904,198,known__literature_only
rdg__no_time__positive,biological process,0.34375,0.603720238095238,12,8,known__literature_only
rdg__no_time__positive,cancer or benign tumor,0.5336986301369862,0.05596771880842054,760,30,known__literature_only
rdg__no_time__positive,cardiovascular disease,0.6234693877551021,0.3453541216796959,84,14,known__literature_only
rdg__no_time__positive,disorder of visual system,0.41129032258064513,0.12980072463768116,35,4,known__literature_only
rdg__no_time__positive,endocrine system disease,0.5200123152709359,0.06236715296283232,239,7,known__literature_only
rdg__no_time__positive,gastrointestinal disease,0.6063877642825011,0.06928138696691631,256,9,known__literature_only
rdg__no_time__positive,"genetic, familial or congenital disease",0.5081531371853952,0.05640822050085138,230,13,known__literature_only
rdg__no_time__positive,hematologic disease,0.5437392795883362,0.22042095621936073,170,11,known__literature_only
rdg__no_time__positive,immune system disease,0.44317180616740093,0.15312524181810552,242,15,known__literature_only
rdg__no_time__positive,infectious disease,0.6835443037974683,0.055714285714285716,81,2,known__literature_only
rdg__no_time__positive,infectious disease or post-infectious disorder,0.6835443037974683,0.055714285714285716,81,2,known__literature_only
rdg__no_time__positive,integumentary system disease,0.31846846846846844,0.0625413449974854,121,10,known__literature_only
rdg__no_time__positive,musculoskeletal or connective tissue disease,0.6621911922663802,0.31459668482794456,147,14,known__literature_only
rdg__no_time__positive,nervous system disease,0.6069409547738693,0.10186865824076827,215,16,known__literature_only
rdg__no_time__positive,nutritional or metabolic disease,0.5918367346938775,0.09107142857142857,51,2,known__literature_only
rdg__no_time__positive,phenotype,0.09090909090909091,0.04636225136635309,59,4,known__literature_only
rdg__no_time__positive,psychiatric disorder,0.427536231884058,0.046504258268964156,72,3,known__literature_only
rdg__no_time__positive,reproductive system or breast disease,0.47708333333333336,0.03839509114738472,124,4,known__literature_only
rdg__no_time__positive,respiratory or thoracic disease,0.6477987421383649,0.17399217040183373,115,9,known__literature_only
rdg__no_time__positive,urinary system disease,0.6078947368421053,0.26284720678825874,107,12,known__literature_only
ots__all,all,0.6074292452830189,0.2026453166757294,908,60,known__direct_evidence
ots__all,cancer or benign tumor,0.5635291499777482,0.06284758794773143,335,14,known__direct_evidence
ots__all,cardiovascular disease,0.5925925925925926,0.640079365079365,15,6,known__direct_evidence
ots__all,disorder of visual system,0.6666666666666666,0.4444444444444445,10,3,known__direct_evidence
ots__all,endocrine system disease,0.6216216216216216,0.03333333333333333,75,1,known__direct_evidence
ots__all,gastrointestinal disease,0.8413978494623656,0.20566770186335404,97,4,known__direct_evidence
ots__all,"genetic, familial or congenital disease",0.6963824289405685,0.19850352165623103,135,6,known__direct_evidence
ots__all,hematologic disease,0.5677710843373494,0.29947502210433247,87,4,known__direct_evidence
ots__all,immune system disease,0.7030141843971631,0.4117857142857143,100,6,known__direct_evidence
ots__all,infectious disease,0.6,0.1111111111111111,21,1,known__direct_evidence
ots__all,infectious disease or post-infectious disorder,0.6,0.1111111111111111,21,1,known__direct_evidence
ots__all,integumentary system disease,0.25,0.04,33,1,known__direct_evidence
ots__all,musculoskeletal or connective tissue disease,0.5453125,0.351873652505604,48,8,known__direct_evidence
ots__all,nervous system disease,0.33125,0.08244843391902215,44,4,known__direct_evidence
ots__all,nutritional or metabolic disease,1.0,1.0,8,1,known__direct_evidence
ots__all,psychiatric disorder,0.0,0.14285714285714285,7,1,known__direct_evidence
ots__all,respiratory or thoracic disease,0.5892857142857142,0.22719109195402298,32,4,known__direct_evidence
ots__all,urinary system disease,0.146551724137931,0.09393939393939393,33,4,known__direct_evidence
p3_lambdarank,all,0.6519654088050315,0.15106663588452868,908,60,known__direct_evidence
p3_lambdarank,cancer or benign tumor,0.4808633733867379,0.04519668537277305,335,14,known__direct_evidence
p3_lambdarank,cardiovascular disease,0.5370370370370371,0.5254629629629629,15,6,known__direct_evidence
p3_lambdarank,disorder of visual system,0.9523809523809524,0.9166666666666665,10,3,known__direct_evidence
p3_lambdarank,endocrine system disease,0.08108108108108103,0.014492753623188406,75,1,known__direct_evidence
p3_lambdarank,gastrointestinal disease,0.521505376344086,0.0866146848602989,97,4,known__direct_evidence
p3_lambdarank,"genetic, familial or congenital disease",0.8940568475452196,0.36200466200466197,135,6,known__direct_evidence
p3_lambdarank,hematologic disease,0.9186746987951807,0.2708333333333333,87,4,known__direct_evidence
p3_lambdarank,immune system disease,0.9202127659574468,0.3524725274725275,100,6,known__direct_evidence
p3_lambdarank,infectious disease,0.6,0.1111111111111111,21,1,known__direct_evidence
p3_lambdarank,infectious disease or post-infectious disorder,0.6,0.1111111111111111,21,1,known__direct_evidence
p3_lambdarank,integumentary system disease,1.0,1.0,33,1,known__direct_evidence
p3_lambdarank,musculoskeletal or connective tissue disease,0.7906250000000001,0.41338887827858417,48,8,known__direct_evidence
p3_lambdarank,nervous system disease,0.65625,0.5561974789915967,44,4,known__direct_evidence
p3_lambdarank,nutritional or metabolic disease,0.5714285714285714,0.25,8,1,known__direct_evidence
p3_lambdarank,psychiatric disorder,0.0,0.14285714285714285,7,1,known__direct_evidence
p3_lambdarank,respiratory or thoracic disease,0.41964285714285715,0.1269642122583299,32,4,known__direct_evidence
p3_lambdarank,urinary system disease,0.7413793103448276,0.23988095238095236,33,4,known__direct_evidence
rdg__all__positive,all,0.790566037735849,0.3295945532906983,908,60,known__direct_evidence
rdg__all__positive,cancer or benign tumor,0.7389853137516689,0.12348396474624466,335,14,known__direct_evidence
rdg__all__positive,cardiovascular disease,0.8518518518518519,0.8592592592592592,15,6,known__direct_evidence
rdg__all__positive,disorder of visual system,0.5238095238095238,0.3650793650793651,10,3,known__direct_evidence
rdg__all__positive,endocrine system disease,0.5405405405405406,0.02857142857142857,75,1,known__direct_evidence
rdg__all__positive,gastrointestinal disease,0.7956989247311828,0.2710813492063492,97,4,known__direct_evidence
rdg__all__positive,"genetic, familial or congenital disease",0.8204134366925064,0.3286635188533923,135,6,known__direct_evidence
rdg__all__positive,hematologic disease,0.8554216867469879,0.575,87,4,known__direct_evidence
rdg__all__positive,immune system disease,0.8014184397163121,0.543829476756306,100,6,known__direct_evidence
rdg__all__positive,infectious disease,0.95,0.5,21,1,known__direct_evidence
rdg__all__positive,infectious disease or post-infectious disorder,0.95,0.5,21,1,known__direct_evidence
rdg__all__positive,integumentary system disease,0.9375,0.3333333333333333,33,1,known__direct_evidence
rdg__all__positive,musculoskeletal or connective tissue disease,0.8531249999999999,0.6857251082251082,48,8,known__direct_evidence
rdg__all__positive,nervous system disease,0.54375,0.12203618453618453,44,4,known__direct_evidence
rdg__all__positive,nutritional or metabolic disease,1.0,1.0,8,1,known__direct_evidence
rdg__all__positive,psychiatric disorder,0.5,0.25,7,1,known__direct_evidence
rdg__all__positive,respiratory or thoracic disease,0.9017857142857143,0.6810897435897436,32,4,known__direct_evidence
rdg__all__positive,urinary system disease,0.8448275862068966,0.5446428571428572,33,4,known__direct_evidence
rdg__no_time__positive,all,0.656053459119497,0.17948049299548918,908,60,known__direct_evidence
rdg__no_time__positive,cancer or benign tumor,0.6023587004895417,0.06659234695799714,335,14,known__direct_evidence
rdg__no_time__positive,cardiovascular disease,0.6851851851851852,0.6824786324786324,15,6,known__direct_evidence
rdg__no_time__positive,disorder of visual system,0.4761904761904762,0.35555555555555557,10,3,known__direct_evidence
rdg__no_time__positive,endocrine system disease,0.21621621621621623,0.01694915254237288,75,1,known__direct_evidence
rdg__no_time__positive,gastrointestinal disease,0.825268817204301,0.15584101888449714,97,4,known__direct_evidence
rdg__no_time__positive,"genetic, familial or congenital disease",0.5697674418604651,0.13536689005439004,135,6,known__direct_evidence
rdg__no_time__positive,hematologic disease,0.6867469879518073,0.2,87,4,known__direct_evidence
rdg__no_time__positive,immune system disease,0.7890070921985816,0.37856583207798733,100,6,known__direct_evidence
rdg__no_time__positive,infectious disease,0.7,0.14285714285714285,21,1,known__direct_evidence
rdg__no_time__positive,infectious disease or post-infectious disorder,0.7,0.14285714285714285,21,1,known__direct_evidence
rdg__no_time__positive,integumentary system disease,0.84375,0.16666666666666666,33,1,known__direct_evidence
rdg__no_time__positive,musculoskeletal or connective tissue disease,0.7,0.37115800865800863,48,8,known__direct_evidence
rdg__no_time__positive,nervous system disease,0.23750000000000002,0.07174384750604262,44,4,known__direct_evidence
rdg__no_time__positive,nutritional or metabolic disease,1.0,1.0,8,1,known__direct_evidence
rdg__no_time__positive,psychiatric disorder,0.16666666666666663,0.16666666666666666,7,1,known__direct_evidence
rdg__no_time__positive,respiratory or thoracic disease,0.7142857142857142,0.3214285714285714,32,4,known__direct_evidence
rdg__no_time__positive,urinary system disease,0.75,0.4245754245754246,33,4,known__direct_evidence
