therapeutic_area_name,transition_year,outcome,count,cumulative_count
musculoskeletal or connective tissue disease,1990,positive,10,10
musculoskeletal or connective tissue disease,1991,positive,0,10
musculoskeletal or connective tissue disease,1992,positive,3,13
musculoskeletal or connective tissue disease,1993,positive,17,30
musculoskeletal or connective tissue disease,1994,positive,25,55
musculoskeletal or connective tissue disease,1995,positive,25,80
musculoskeletal or connective tissue disease,1996,positive,3,83
musculoskeletal or connective tissue disease,1997,positive,22,105
musculoskeletal or connective tissue disease,1998,positive,7,112
musculoskeletal or connective tissue disease,1999,positive,22,134
musculoskeletal or connective tissue disease,2000,positive,27,161
musculoskeletal or connective tissue disease,2001,positive,22,183
musculoskeletal or connective tissue disease,2002,positive,16,199
musculoskeletal or connective tissue disease,2003,positive,26,225
musculoskeletal or connective tissue disease,2004,positive,26,251
musculoskeletal or connective tissue disease,2005,positive,128,379
musculoskeletal or connective tissue disease,2006,positive,27,406
musculoskeletal or connective tissue disease,2007,positive,67,473
musculoskeletal or connective tissue disease,2008,positive,94,567
musculoskeletal or connective tissue disease,2009,positive,15,582
musculoskeletal or connective tissue disease,2010,positive,29,611
musculoskeletal or connective tissue disease,2011,positive,11,622
musculoskeletal or connective tissue disease,2012,positive,1,623
musculoskeletal or connective tissue disease,2013,positive,10,633
musculoskeletal or connective tissue disease,2014,positive,32,665
musculoskeletal or connective tissue disease,2015,positive,3,668
musculoskeletal or connective tissue disease,2016,positive,18,686
musculoskeletal or connective tissue disease,2017,positive,10,696
musculoskeletal or connective tissue disease,2018,positive,5,701
musculoskeletal or connective tissue disease,2019,positive,8,709
musculoskeletal or connective tissue disease,2020,positive,3,712
musculoskeletal or connective tissue disease,2021,positive,19,731
musculoskeletal or connective tissue disease,2022,positive,0,731
musculoskeletal or connective tissue disease,1990,negative,0,0
musculoskeletal or connective tissue disease,1991,negative,2,2
musculoskeletal or connective tissue disease,1992,negative,2,4
musculoskeletal or connective tissue disease,1993,negative,2,6
musculoskeletal or connective tissue disease,1994,negative,0,6
musculoskeletal or connective tissue disease,1995,negative,24,30
musculoskeletal or connective tissue disease,1996,negative,2,32
musculoskeletal or connective tissue disease,1997,negative,18,50
musculoskeletal or connective tissue disease,1998,negative,29,79
musculoskeletal or connective tissue disease,1999,negative,63,142
musculoskeletal or connective tissue disease,2000,negative,15,157
musculoskeletal or connective tissue disease,2001,negative,58,215
musculoskeletal or connective tissue disease,2002,negative,73,288
musculoskeletal or connective tissue disease,2003,negative,73,361
musculoskeletal or connective tissue disease,2004,negative,88,449
musculoskeletal or connective tissue disease,2005,negative,120,569
musculoskeletal or connective tissue disease,2006,negative,164,733
musculoskeletal or connective tissue disease,2007,negative,117,850
musculoskeletal or connective tissue disease,2008,negative,97,947
musculoskeletal or connective tissue disease,2009,negative,114,1061
musculoskeletal or connective tissue disease,2010,negative,196,1257
musculoskeletal or connective tissue disease,2011,negative,164,1421
musculoskeletal or connective tissue disease,2012,negative,327,1748
musculoskeletal or connective tissue disease,2013,negative,182,1930
musculoskeletal or connective tissue disease,2014,negative,147,2077
musculoskeletal or connective tissue disease,2015,negative,256,2333
musculoskeletal or connective tissue disease,2016,negative,95,2428
musculoskeletal or connective tissue disease,2017,negative,86,2514
musculoskeletal or connective tissue disease,2018,negative,118,2632
musculoskeletal or connective tissue disease,2019,negative,183,2815
musculoskeletal or connective tissue disease,2020,negative,117,2932
musculoskeletal or connective tissue disease,2021,negative,112,3044
musculoskeletal or connective tissue disease,2022,negative,62,3106
all,1990,positive,46,46
all,1991,positive,6,52
all,1992,positive,18,70
all,1993,positive,65,135
all,1994,positive,51,186
all,1995,positive,92,278
all,1996,positive,38,316
all,1997,positive,134,450
all,1998,positive,191,641
all,1999,positive,110,751
all,2000,positive,335,1086
all,2001,positive,237,1323
all,2002,positive,289,1612
all,2003,positive,362,1974
all,2004,positive,494,2468
all,2005,positive,554,3022
all,2006,positive,312,3334
all,2007,positive,288,3622
all,2008,positive,348,3970
all,2009,positive,182,4152
all,2010,positive,182,4334
all,2011,positive,236,4570
all,2012,positive,135,4705
all,2013,positive,116,4821
all,2014,positive,125,4946
all,2015,positive,54,5000
all,2016,positive,245,5245
all,2017,positive,151,5396
all,2018,positive,110,5506
all,2019,positive,142,5648
all,2020,positive,40,5688
all,2021,positive,50,5738
all,2022,positive,1,5739
all,1990,negative,11,11
all,1991,negative,31,42
all,1992,negative,11,53
all,1993,negative,51,104
all,1994,negative,30,134
all,1995,negative,99,233
all,1996,negative,50,283
all,1997,negative,139,422
all,1998,negative,176,598
all,1999,negative,253,851
all,2000,negative,355,1206
all,2001,negative,378,1584
all,2002,negative,790,2374
all,2003,negative,563,2937
all,2004,negative,928,3865
all,2005,negative,940,4805
all,2006,negative,1330,6135
all,2007,negative,1413,7548
all,2008,negative,1140,8688
all,2009,negative,1435,10123
all,2010,negative,1700,11823
all,2011,negative,1305,13128
all,2012,negative,1767,14895
all,2013,negative,1497,16392
all,2014,negative,1593,17985
all,2015,negative,2331,20316
all,2016,negative,1115,21431
all,2017,negative,1102,22533
all,2018,negative,1222,23755
all,2019,negative,1278,25033
all,2020,negative,1338,26371
all,2021,negative,1115,27486
all,2022,negative,1185,28671
cardiovascular disease,1990,positive,0,0
cardiovascular disease,1991,positive,0,0
cardiovascular disease,1992,positive,0,0
cardiovascular disease,1993,positive,0,0
cardiovascular disease,1994,positive,2,2
cardiovascular disease,1995,positive,2,4
cardiovascular disease,1996,positive,1,5
cardiovascular disease,1997,positive,0,5
cardiovascular disease,1998,positive,0,5
cardiovascular disease,1999,positive,3,8
cardiovascular disease,2000,positive,3,11
cardiovascular disease,2001,positive,9,20
cardiovascular disease,2002,positive,21,41
cardiovascular disease,2003,positive,29,70
cardiovascular disease,2004,positive,18,88
cardiovascular disease,2005,positive,90,178
cardiovascular disease,2006,positive,16,194
cardiovascular disease,2007,positive,21,215
cardiovascular disease,2008,positive,106,321
cardiovascular disease,2009,positive,17,338
cardiovascular disease,2010,positive,12,350
cardiovascular disease,2011,positive,26,376
cardiovascular disease,2012,positive,17,393
cardiovascular disease,2013,positive,21,414
cardiovascular disease,2014,positive,2,416
cardiovascular disease,2015,positive,0,416
cardiovascular disease,2016,positive,34,450
cardiovascular disease,2017,positive,67,517
cardiovascular disease,2018,positive,5,522
cardiovascular disease,2019,positive,56,578
cardiovascular disease,2020,positive,0,578
cardiovascular disease,2021,positive,0,578
cardiovascular disease,2022,positive,0,578
cardiovascular disease,1990,negative,0,0
cardiovascular disease,1991,negative,0,0
cardiovascular disease,1992,negative,0,0
cardiovascular disease,1993,negative,0,0
cardiovascular disease,1994,negative,0,0
cardiovascular disease,1995,negative,5,5
cardiovascular disease,1996,negative,0,5
cardiovascular disease,1997,negative,3,8
cardiovascular disease,1998,negative,2,10
cardiovascular disease,1999,negative,1,11
cardiovascular disease,2000,negative,4,15
cardiovascular disease,2001,negative,24,39
cardiovascular disease,2002,negative,46,85
cardiovascular disease,2003,negative,16,101
cardiovascular disease,2004,negative,20,121
cardiovascular disease,2005,negative,59,180
cardiovascular disease,2006,negative,96,276
cardiovascular disease,2007,negative,93,369
cardiovascular disease,2008,negative,84,453
cardiovascular disease,2009,negative,78,531
cardiovascular disease,2010,negative,167,698
cardiovascular disease,2011,negative,86,784
cardiovascular disease,2012,negative,100,884
cardiovascular disease,2013,negative,50,934
cardiovascular disease,2014,negative,93,1027
cardiovascular disease,2015,negative,58,1085
cardiovascular disease,2016,negative,40,1125
cardiovascular disease,2017,negative,67,1192
cardiovascular disease,2018,negative,48,1240
cardiovascular disease,2019,negative,42,1282
cardiovascular disease,2020,negative,129,1411
cardiovascular disease,2021,negative,77,1488
cardiovascular disease,2022,negative,77,1565
cancer or benign tumor,1990,positive,35,35
cancer or benign tumor,1991,positive,3,38
cancer or benign tumor,1992,positive,18,56
cancer or benign tumor,1993,positive,40,96
cancer or benign tumor,1994,positive,32,128
cancer or benign tumor,1995,positive,52,180
cancer or benign tumor,1996,positive,24,204
cancer or benign tumor,1997,positive,108,312
cancer or benign tumor,1998,positive,127,439
cancer or benign tumor,1999,positive,76,515
cancer or benign tumor,2000,positive,165,680
cancer or benign tumor,2001,positive,159,839
cancer or benign tumor,2002,positive,174,1013
cancer or benign tumor,2003,positive,193,1206
cancer or benign tumor,2004,positive,185,1391
cancer or benign tumor,2005,positive,202,1593
cancer or benign tumor,2006,positive,153,1746
cancer or benign tumor,2007,positive,144,1890
cancer or benign tumor,2008,positive,73,1963
cancer or benign tumor,2009,positive,97,2060
cancer or benign tumor,2010,positive,101,2161
cancer or benign tumor,2011,positive,84,2245
cancer or benign tumor,2012,positive,41,2286
cancer or benign tumor,2013,positive,42,2328
cancer or benign tumor,2014,positive,74,2402
cancer or benign tumor,2015,positive,29,2431
cancer or benign tumor,2016,positive,39,2470
cancer or benign tumor,2017,positive,43,2513
cancer or benign tumor,2018,positive,12,2525
cancer or benign tumor,2019,positive,17,2542
cancer or benign tumor,2020,positive,2,2544
cancer or benign tumor,2021,positive,3,2547
cancer or benign tumor,2022,positive,1,2548
cancer or benign tumor,1990,negative,5,5
cancer or benign tumor,1991,negative,30,35
cancer or benign tumor,1992,negative,7,42
cancer or benign tumor,1993,negative,36,78
cancer or benign tumor,1994,negative,3,81
cancer or benign tumor,1995,negative,47,128
cancer or benign tumor,1996,negative,22,150
cancer or benign tumor,1997,negative,94,244
cancer or benign tumor,1998,negative,137,381
cancer or benign tumor,1999,negative,190,571
cancer or benign tumor,2000,negative,195,766
cancer or benign tumor,2001,negative,251,1017
cancer or benign tumor,2002,negative,511,1528
cancer or benign tumor,2003,negative,381,1909
cancer or benign tumor,2004,negative,645,2554
cancer or benign tumor,2005,negative,626,3180
cancer or benign tumor,2006,negative,785,3965
cancer or benign tumor,2007,negative,794,4759
cancer or benign tumor,2008,negative,563,5322
cancer or benign tumor,2009,negative,757,6079
cancer or benign tumor,2010,negative,1153,7232
cancer or benign tumor,2011,negative,806,8038
cancer or benign tumor,2012,negative,1049,9087
cancer or benign tumor,2013,negative,916,10003
cancer or benign tumor,2014,negative,1177,11180
cancer or benign tumor,2015,negative,1690,12870
cancer or benign tumor,2016,negative,478,13348
cancer or benign tumor,2017,negative,704,14052
cancer or benign tumor,2018,negative,575,14627
cancer or benign tumor,2019,negative,673,15300
cancer or benign tumor,2020,negative,548,15848
cancer or benign tumor,2021,negative,532,16380
cancer or benign tumor,2022,negative,376,16756
reproductive system or breast disease,1990,positive,0,0
reproductive system or breast disease,1991,positive,0,0
reproductive system or breast disease,1992,positive,0,0
reproductive system or breast disease,1993,positive,2,2
reproductive system or breast disease,1994,positive,1,3
reproductive system or breast disease,1995,positive,10,13
reproductive system or breast disease,1996,positive,3,16
reproductive system or breast disease,1997,positive,23,39
reproductive system or breast disease,1998,positive,18,57
reproductive system or breast disease,1999,positive,14,71
reproductive system or breast disease,2000,positive,82,153
reproductive system or breast disease,2001,positive,31,184
reproductive system or breast disease,2002,positive,38,222
reproductive system or breast disease,2003,positive,22,244
reproductive system or breast disease,2004,positive,28,272
reproductive system or breast disease,2005,positive,112,384
reproductive system or breast disease,2006,positive,22,406
reproductive system or breast disease,2007,positive,25,431
reproductive system or breast disease,2008,positive,14,445
reproductive system or breast disease,2009,positive,54,499
reproductive system or breast disease,2010,positive,7,506
reproductive system or breast disease,2011,positive,15,521
reproductive system or breast disease,2012,positive,11,532
reproductive system or breast disease,2013,positive,17,549
reproductive system or breast disease,2014,positive,8,557
reproductive system or breast disease,2015,positive,11,568
reproductive system or breast disease,2016,positive,60,628
reproductive system or breast disease,2017,positive,12,640
reproductive system or breast disease,2018,positive,1,641
reproductive system or breast disease,2019,positive,5,646
reproductive system or breast disease,2020,positive,0,646
reproductive system or breast disease,2021,positive,0,646
reproductive system or breast disease,2022,positive,0,646
reproductive system or breast disease,1990,negative,1,1
reproductive system or breast disease,1991,negative,25,26
reproductive system or breast disease,1992,negative,0,26
reproductive system or breast disease,1993,negative,3,29
reproductive system or breast disease,1994,negative,0,29
reproductive system or breast disease,1995,negative,10,39
reproductive system or breast disease,1996,negative,0,39
reproductive system or breast disease,1997,negative,9,48
reproductive system or breast disease,1998,negative,26,74
reproductive system or breast disease,1999,negative,28,102
reproductive system or breast disease,2000,negative,38,140
reproductive system or breast disease,2001,negative,79,219
reproductive system or breast disease,2002,negative,130,349
reproductive system or breast disease,2003,negative,42,391
reproductive system or breast disease,2004,negative,142,533
reproductive system or breast disease,2005,negative,201,734
reproductive system or breast disease,2006,negative,174,908
reproductive system or breast disease,2007,negative,140,1048
reproductive system or breast disease,2008,negative,80,1128
reproductive system or breast disease,2009,negative,149,1277
reproductive system or breast disease,2010,negative,299,1576
reproductive system or breast disease,2011,negative,140,1716
reproductive system or breast disease,2012,negative,110,1826
reproductive system or breast disease,2013,negative,206,2032
reproductive system or breast disease,2014,negative,172,2204
reproductive system or breast disease,2015,negative,488,2692
reproductive system or breast disease,2016,negative,112,2804
reproductive system or breast disease,2017,negative,102,2906
reproductive system or breast disease,2018,negative,166,3072
reproductive system or breast disease,2019,negative,91,3163
reproductive system or breast disease,2020,negative,127,3290
reproductive system or breast disease,2021,negative,190,3480
reproductive system or breast disease,2022,negative,116,3596
"genetic, familial or congenital disease",1990,positive,25,25
"genetic, familial or congenital disease",1991,positive,0,25
"genetic, familial or congenital disease",1992,positive,14,39
"genetic, familial or congenital disease",1993,positive,8,47
"genetic, familial or congenital disease",1994,positive,28,75
"genetic, familial or congenital disease",1995,positive,21,96
"genetic, familial or congenital disease",1996,positive,5,101
"genetic, familial or congenital disease",1997,positive,34,135
"genetic, familial or congenital disease",1998,positive,10,145
"genetic, familial or congenital disease",1999,positive,23,168
"genetic, familial or congenital disease",2000,positive,102,270
"genetic, familial or congenital disease",2001,positive,75,345
"genetic, familial or congenital disease",2002,positive,34,379
"genetic, familial or congenital disease",2003,positive,86,465
"genetic, familial or congenital disease",2004,positive,81,546
"genetic, familial or congenital disease",2005,positive,192,738
"genetic, familial or congenital disease",2006,positive,51,789
"genetic, familial or congenital disease",2007,positive,61,850
"genetic, familial or congenital disease",2008,positive,114,964
"genetic, familial or congenital disease",2009,positive,26,990
"genetic, familial or congenital disease",2010,positive,43,1033
"genetic, familial or congenital disease",2011,positive,19,1052
"genetic, familial or congenital disease",2012,positive,11,1063
"genetic, familial or congenital disease",2013,positive,14,1077
"genetic, familial or congenital disease",2014,positive,38,1115
"genetic, familial or congenital disease",2015,positive,5,1120
"genetic, familial or congenital disease",2016,positive,97,1217
"genetic, familial or congenital disease",2017,positive,12,1229
"genetic, familial or congenital disease",2018,positive,59,1288
"genetic, familial or congenital disease",2019,positive,8,1296
"genetic, familial or congenital disease",2020,positive,0,1296
"genetic, familial or congenital disease",2021,positive,0,1296
"genetic, familial or congenital disease",2022,positive,0,1296
"genetic, familial or congenital disease",1990,negative,4,4
"genetic, familial or congenital disease",1991,negative,5,9
"genetic, familial or congenital disease",1992,negative,2,11
"genetic, familial or congenital disease",1993,negative,32,43
"genetic, familial or congenital disease",1994,negative,1,44
"genetic, familial or congenital disease",1995,negative,35,79
"genetic, familial or congenital disease",1996,negative,4,83
"genetic, familial or congenital disease",1997,negative,26,109
"genetic, familial or congenital disease",1998,negative,21,130
"genetic, familial or congenital disease",1999,negative,50,180
"genetic, familial or congenital disease",2000,negative,75,255
"genetic, familial or congenital disease",2001,negative,77,332
"genetic, familial or congenital disease",2002,negative,138,470
"genetic, familial or congenital disease",2003,negative,93,563
"genetic, familial or congenital disease",2004,negative,223,786
"genetic, familial or congenital disease",2005,negative,278,1064
"genetic, familial or congenital disease",2006,negative,244,1308
"genetic, familial or congenital disease",2007,negative,180,1488
"genetic, familial or congenital disease",2008,negative,166,1654
"genetic, familial or congenital disease",2009,negative,303,1957
"genetic, familial or congenital disease",2010,negative,269,2226
"genetic, familial or congenital disease",2011,negative,175,2401
"genetic, familial or congenital disease",2012,negative,529,2930
"genetic, familial or congenital disease",2013,negative,268,3198
"genetic, familial or congenital disease",2014,negative,194,3392
"genetic, familial or congenital disease",2015,negative,338,3730
"genetic, familial or congenital disease",2016,negative,266,3996
"genetic, familial or congenital disease",2017,negative,217,4213
"genetic, familial or congenital disease",2018,negative,402,4615
"genetic, familial or congenital disease",2019,negative,361,4976
"genetic, familial or congenital disease",2020,negative,181,5157
"genetic, familial or congenital disease",2021,negative,211,5368
"genetic, familial or congenital disease",2022,negative,261,5629
hematologic disease,1990,positive,35,35
hematologic disease,1991,positive,0,35
hematologic disease,1992,positive,17,52
hematologic disease,1993,positive,16,68
hematologic disease,1994,positive,30,98
hematologic disease,1995,positive,19,117
hematologic disease,1996,positive,6,123
hematologic disease,1997,positive,38,161
hematologic disease,1998,positive,13,174
hematologic disease,1999,positive,38,212
hematologic disease,2000,positive,49,261
hematologic disease,2001,positive,68,329
hematologic disease,2002,positive,29,358
hematologic disease,2003,positive,70,428
hematologic disease,2004,positive,49,477
hematologic disease,2005,positive,35,512
hematologic disease,2006,positive,35,547
hematologic disease,2007,positive,52,599
hematologic disease,2008,positive,12,611
hematologic disease,2009,positive,15,626
hematologic disease,2010,positive,24,650
hematologic disease,2011,positive,14,664
hematologic disease,2012,positive,5,669
hematologic disease,2013,positive,15,684
hematologic disease,2014,positive,57,741
hematologic disease,2015,positive,3,744
hematologic disease,2016,positive,14,758
hematologic disease,2017,positive,19,777
hematologic disease,2018,positive,4,781
hematologic disease,2019,positive,3,784
hematologic disease,2020,positive,0,784
hematologic disease,2021,positive,0,784
hematologic disease,2022,positive,0,784
hematologic disease,1990,negative,4,4
hematologic disease,1991,negative,3,7
hematologic disease,1992,negative,4,11
hematologic disease,1993,negative,29,40
hematologic disease,1994,negative,1,41
hematologic disease,1995,negative,22,63
hematologic disease,1996,negative,21,84
hematologic disease,1997,negative,13,97
hematologic disease,1998,negative,50,147
hematologic disease,1999,negative,48,195
hematologic disease,2000,negative,53,248
hematologic disease,2001,negative,79,327
hematologic disease,2002,negative,146,473
hematologic disease,2003,negative,122,595
hematologic disease,2004,negative,184,779
hematologic disease,2005,negative,210,989
hematologic disease,2006,negative,218,1207
hematologic disease,2007,negative,119,1326
hematologic disease,2008,negative,141,1467
hematologic disease,2009,negative,334,1801
hematologic disease,2010,negative,141,1942
hematologic disease,2011,negative,136,2078
hematologic disease,2012,negative,411,2489
hematologic disease,2013,negative,148,2637
hematologic disease,2014,negative,129,2766
hematologic disease,2015,negative,326,3092
hematologic disease,2016,negative,109,3201
hematologic disease,2017,negative,161,3362
hematologic disease,2018,negative,272,3634
hematologic disease,2019,negative,172,3806
hematologic disease,2020,negative,109,3915
hematologic disease,2021,negative,131,4046
hematologic disease,2022,negative,80,4126
respiratory or thoracic disease,1990,positive,0,0
respiratory or thoracic disease,1991,positive,0,0
respiratory or thoracic disease,1992,positive,0,0
respiratory or thoracic disease,1993,positive,0,0
respiratory or thoracic disease,1994,positive,0,0
respiratory or thoracic disease,1995,positive,9,9
respiratory or thoracic disease,1996,positive,0,9
respiratory or thoracic disease,1997,positive,1,10
respiratory or thoracic disease,1998,positive,17,27
respiratory or thoracic disease,1999,positive,2,29
respiratory or thoracic disease,2000,positive,3,32
respiratory or thoracic disease,2001,positive,10,42
respiratory or thoracic disease,2002,positive,61,103
respiratory or thoracic disease,2003,positive,26,129
respiratory or thoracic disease,2004,positive,28,157
respiratory or thoracic disease,2005,positive,106,263
respiratory or thoracic disease,2006,positive,31,294
respiratory or thoracic disease,2007,positive,25,319
respiratory or thoracic disease,2008,positive,11,330
respiratory or thoracic disease,2009,positive,6,336
respiratory or thoracic disease,2010,positive,22,358
respiratory or thoracic disease,2011,positive,4,362
respiratory or thoracic disease,2012,positive,14,376
respiratory or thoracic disease,2013,positive,3,379
respiratory or thoracic disease,2014,positive,5,384
respiratory or thoracic disease,2015,positive,2,386
respiratory or thoracic disease,2016,positive,4,390
respiratory or thoracic disease,2017,positive,8,398
respiratory or thoracic disease,2018,positive,6,404
respiratory or thoracic disease,2019,positive,3,407
respiratory or thoracic disease,2020,positive,10,417
respiratory or thoracic disease,2021,positive,23,440
respiratory or thoracic disease,2022,positive,0,440
respiratory or thoracic disease,1990,negative,0,0
respiratory or thoracic disease,1991,negative,0,0
respiratory or thoracic disease,1992,negative,0,0
respiratory or thoracic disease,1993,negative,3,3
respiratory or thoracic disease,1994,negative,0,3
respiratory or thoracic disease,1995,negative,0,3
respiratory or thoracic disease,1996,negative,3,6
respiratory or thoracic disease,1997,negative,1,7
respiratory or thoracic disease,1998,negative,8,15
respiratory or thoracic disease,1999,negative,33,48
respiratory or thoracic disease,2000,negative,29,77
respiratory or thoracic disease,2001,negative,9,86
respiratory or thoracic disease,2002,negative,53,139
respiratory or thoracic disease,2003,negative,34,173
respiratory or thoracic disease,2004,negative,30,203
respiratory or thoracic disease,2005,negative,57,260
respiratory or thoracic disease,2006,negative,107,367
respiratory or thoracic disease,2007,negative,69,436
respiratory or thoracic disease,2008,negative,69,505
respiratory or thoracic disease,2009,negative,52,557
respiratory or thoracic disease,2010,negative,70,627
respiratory or thoracic disease,2011,negative,126,753
respiratory or thoracic disease,2012,negative,150,903
respiratory or thoracic disease,2013,negative,83,986
respiratory or thoracic disease,2014,negative,280,1266
respiratory or thoracic disease,2015,negative,115,1381
respiratory or thoracic disease,2016,negative,95,1476
respiratory or thoracic disease,2017,negative,47,1523
respiratory or thoracic disease,2018,negative,44,1567
respiratory or thoracic disease,2019,negative,102,1669
respiratory or thoracic disease,2020,negative,95,1764
respiratory or thoracic disease,2021,negative,121,1885
respiratory or thoracic disease,2022,negative,86,1971
nervous system disease,1990,positive,11,11
nervous system disease,1991,positive,2,13
nervous system disease,1992,positive,0,13
nervous system disease,1993,positive,24,37
nervous system disease,1994,positive,19,56
nervous system disease,1995,positive,21,77
nervous system disease,1996,positive,8,85
nervous system disease,1997,positive,7,92
nervous system disease,1998,positive,5,97
nervous system disease,1999,positive,13,110
nervous system disease,2000,positive,9,119
nervous system disease,2001,positive,36,155
nervous system disease,2002,positive,33,188
nervous system disease,2003,positive,45,233
nervous system disease,2004,positive,133,366
nervous system disease,2005,positive,146,512
nervous system disease,2006,positive,42,554
nervous system disease,2007,positive,31,585
nervous system disease,2008,positive,116,701
nervous system disease,2009,positive,35,736
nervous system disease,2010,positive,24,760
nervous system disease,2011,positive,29,789
nervous system disease,2012,positive,8,797
nervous system disease,2013,positive,13,810
nervous system disease,2014,positive,5,815
nervous system disease,2015,positive,18,833
nervous system disease,2016,positive,15,848
nervous system disease,2017,positive,8,856
nervous system disease,2018,positive,54,910
nervous system disease,2019,positive,7,917
nervous system disease,2020,positive,0,917
nervous system disease,2021,positive,5,922
nervous system disease,2022,positive,0,922
nervous system disease,1990,negative,5,5
nervous system disease,1991,negative,0,5
nervous system disease,1992,negative,1,6
nervous system disease,1993,negative,12,18
nervous system disease,1994,negative,27,45
nervous system disease,1995,negative,7,52
nervous system disease,1996,negative,10,62
nervous system disease,1997,negative,17,79
nervous system disease,1998,negative,27,106
nervous system disease,1999,negative,25,131
nervous system disease,2000,negative,16,147
nervous system disease,2001,negative,55,202
nervous system disease,2002,negative,122,324
nervous system disease,2003,negative,111,435
nervous system disease,2004,negative,90,525
nervous system disease,2005,negative,140,665
nervous system disease,2006,negative,254,919
nervous system disease,2007,negative,275,1194
nervous system disease,2008,negative,312,1506
nervous system disease,2009,negative,381,1887
nervous system disease,2010,negative,291,2178
nervous system disease,2011,negative,179,2357
nervous system disease,2012,negative,234,2591
nervous system disease,2013,negative,203,2794
nervous system disease,2014,negative,177,2971
nervous system disease,2015,negative,307,3278
nervous system disease,2016,negative,291,3569
nervous system disease,2017,negative,142,3711
nervous system disease,2018,negative,133,3844
nervous system disease,2019,negative,256,4100
nervous system disease,2020,negative,278,4378
nervous system disease,2021,negative,160,4538
nervous system disease,2022,negative,303,4841
urinary system disease,1990,positive,0,0
urinary system disease,1991,positive,0,0
urinary system disease,1992,positive,0,0
urinary system disease,1993,positive,1,1
urinary system disease,1994,positive,2,3
urinary system disease,1995,positive,2,5
urinary system disease,1996,positive,11,16
urinary system disease,1997,positive,5,21
urinary system disease,1998,positive,25,46
urinary system disease,1999,positive,12,58
urinary system disease,2000,positive,70,128
urinary system disease,2001,positive,5,133
urinary system disease,2002,positive,15,148
urinary system disease,2003,positive,39,187
urinary system disease,2004,positive,15,202
urinary system disease,2005,positive,21,223
urinary system disease,2006,positive,36,259
urinary system disease,2007,positive,7,266
urinary system disease,2008,positive,20,286
urinary system disease,2009,positive,2,288
urinary system disease,2010,positive,22,310
urinary system disease,2011,positive,8,318
urinary system disease,2012,positive,2,320
urinary system disease,2013,positive,6,326
urinary system disease,2014,positive,9,335
urinary system disease,2015,positive,1,336
urinary system disease,2016,positive,107,443
urinary system disease,2017,positive,10,453
urinary system disease,2018,positive,15,468
urinary system disease,2019,positive,5,473
urinary system disease,2020,positive,3,476
urinary system disease,2021,positive,0,476
urinary system disease,2022,positive,0,476
urinary system disease,1990,negative,0,0
urinary system disease,1991,negative,0,0
urinary system disease,1992,negative,1,1
urinary system disease,1993,negative,0,1
urinary system disease,1994,negative,1,2
urinary system disease,1995,negative,12,14
urinary system disease,1996,negative,0,14
urinary system disease,1997,negative,6,20
urinary system disease,1998,negative,19,39
urinary system disease,1999,negative,12,51
urinary system disease,2000,negative,42,93
urinary system disease,2001,negative,31,124
urinary system disease,2002,negative,72,196
urinary system disease,2003,negative,22,218
urinary system disease,2004,negative,77,295
urinary system disease,2005,negative,82,377
urinary system disease,2006,negative,78,455
urinary system disease,2007,negative,66,521
urinary system disease,2008,negative,118,639
urinary system disease,2009,negative,39,678
urinary system disease,2010,negative,126,804
urinary system disease,2011,negative,62,866
urinary system disease,2012,negative,68,934
urinary system disease,2013,negative,96,1030
urinary system disease,2014,negative,61,1091
urinary system disease,2015,negative,192,1283
urinary system disease,2016,negative,68,1351
urinary system disease,2017,negative,49,1400
urinary system disease,2018,negative,146,1546
urinary system disease,2019,negative,54,1600
urinary system disease,2020,negative,92,1692
urinary system disease,2021,negative,51,1743
urinary system disease,2022,negative,116,1859
integumentary system disease,1990,positive,0,0
integumentary system disease,1991,positive,0,0
integumentary system disease,1992,positive,0,0
integumentary system disease,1993,positive,2,2
integumentary system disease,1994,positive,1,3
integumentary system disease,1995,positive,0,3
integumentary system disease,1996,positive,1,4
integumentary system disease,1997,positive,15,19
integumentary system disease,1998,positive,2,21
integumentary system disease,1999,positive,0,21
integumentary system disease,2000,positive,4,25
integumentary system disease,2001,positive,22,47
integumentary system disease,2002,positive,18,65
integumentary system disease,2003,positive,12,77
integumentary system disease,2004,positive,22,99
integumentary system disease,2005,positive,15,114
integumentary system disease,2006,positive,14,128
integumentary system disease,2007,positive,11,139
integumentary system disease,2008,positive,21,160
integumentary system disease,2009,positive,60,220
integumentary system disease,2010,positive,24,244
integumentary system disease,2011,positive,22,266
integumentary system disease,2012,positive,8,274
integumentary system disease,2013,positive,18,292
integumentary system disease,2014,positive,4,296
integumentary system disease,2015,positive,2,298
integumentary system disease,2016,positive,15,313
integumentary system disease,2017,positive,3,316
integumentary system disease,2018,positive,8,324
integumentary system disease,2019,positive,3,327
integumentary system disease,2020,positive,0,327
integumentary system disease,2021,positive,0,327
integumentary system disease,2022,positive,0,327
integumentary system disease,1990,negative,3,3
integumentary system disease,1991,negative,0,3
integumentary system disease,1992,negative,0,3
integumentary system disease,1993,negative,2,5
integumentary system disease,1994,negative,0,5
integumentary system disease,1995,negative,18,23
integumentary system disease,1996,negative,2,25
integumentary system disease,1997,negative,15,40
integumentary system disease,1998,negative,8,48
integumentary system disease,1999,negative,7,55
integumentary system disease,2000,negative,41,96
integumentary system disease,2001,negative,29,125
integumentary system disease,2002,negative,84,209
integumentary system disease,2003,negative,27,236
integumentary system disease,2004,negative,56,292
integumentary system disease,2005,negative,72,364
integumentary system disease,2006,negative,88,452
integumentary system disease,2007,negative,64,516
integumentary system disease,2008,negative,43,559
integumentary system disease,2009,negative,87,646
integumentary system disease,2010,negative,230,876
integumentary system disease,2011,negative,87,963
integumentary system disease,2012,negative,169,1132
integumentary system disease,2013,negative,82,1214
integumentary system disease,2014,negative,37,1251
integumentary system disease,2015,negative,110,1361
integumentary system disease,2016,negative,90,1451
integumentary system disease,2017,negative,91,1542
integumentary system disease,2018,negative,138,1680
integumentary system disease,2019,negative,86,1766
integumentary system disease,2020,negative,98,1864
integumentary system disease,2021,negative,57,1921
integumentary system disease,2022,negative,86,2007
endocrine system disease,1990,positive,0,0
endocrine system disease,1991,positive,1,1
endocrine system disease,1992,positive,0,1
endocrine system disease,1993,positive,4,5
endocrine system disease,1994,positive,0,5
endocrine system disease,1995,positive,12,17
endocrine system disease,1996,positive,1,18
endocrine system disease,1997,positive,18,36
endocrine system disease,1998,positive,28,64
endocrine system disease,1999,positive,3,67
endocrine system disease,2000,positive,95,162
endocrine system disease,2001,positive,25,187
endocrine system disease,2002,positive,32,219
endocrine system disease,2003,positive,54,273
endocrine system disease,2004,positive,68,341
endocrine system disease,2005,positive,67,408
endocrine system disease,2006,positive,79,487
endocrine system disease,2007,positive,31,518
endocrine system disease,2008,positive,33,551
endocrine system disease,2009,positive,9,560
endocrine system disease,2010,positive,33,593
endocrine system disease,2011,positive,65,658
endocrine system disease,2012,positive,3,661
endocrine system disease,2013,positive,18,679
endocrine system disease,2014,positive,5,684
endocrine system disease,2015,positive,4,688
endocrine system disease,2016,positive,7,695
endocrine system disease,2017,positive,11,706
endocrine system disease,2018,positive,5,711
endocrine system disease,2019,positive,1,712
endocrine system disease,2020,positive,1,713
endocrine system disease,2021,positive,0,713
endocrine system disease,2022,positive,1,714
endocrine system disease,1990,negative,1,1
endocrine system disease,1991,negative,26,27
endocrine system disease,1992,negative,0,27
endocrine system disease,1993,negative,3,30
endocrine system disease,1994,negative,0,30
endocrine system disease,1995,negative,7,37
endocrine system disease,1996,negative,1,38
endocrine system disease,1997,negative,32,70
endocrine system disease,1998,negative,38,108
endocrine system disease,1999,negative,76,184
endocrine system disease,2000,negative,56,240
endocrine system disease,2001,negative,56,296
endocrine system disease,2002,negative,135,431
endocrine system disease,2003,negative,58,489
endocrine system disease,2004,negative,169,658
endocrine system disease,2005,negative,202,860
endocrine system disease,2006,negative,162,1022
endocrine system disease,2007,negative,309,1331
endocrine system disease,2008,negative,176,1507
endocrine system disease,2009,negative,173,1680
endocrine system disease,2010,negative,280,1960
endocrine system disease,2011,negative,246,2206
endocrine system disease,2012,negative,81,2287
endocrine system disease,2013,negative,172,2459
endocrine system disease,2014,negative,452,2911
endocrine system disease,2015,negative,455,3366
endocrine system disease,2016,negative,173,3539
endocrine system disease,2017,negative,144,3683
endocrine system disease,2018,negative,206,3889
endocrine system disease,2019,negative,200,4089
endocrine system disease,2020,negative,111,4200
endocrine system disease,2021,negative,86,4286
endocrine system disease,2022,negative,98,4384
gastrointestinal disease,1990,positive,0,0
gastrointestinal disease,1991,positive,0,0
gastrointestinal disease,1992,positive,0,0
gastrointestinal disease,1993,positive,0,0
gastrointestinal disease,1994,positive,0,0
gastrointestinal disease,1995,positive,3,3
gastrointestinal disease,1996,positive,3,6
gastrointestinal disease,1997,positive,36,42
gastrointestinal disease,1998,positive,24,66
gastrointestinal disease,1999,positive,13,79
gastrointestinal disease,2000,positive,41,120
gastrointestinal disease,2001,positive,20,140
gastrointestinal disease,2002,positive,66,206
gastrointestinal disease,2003,positive,46,252
gastrointestinal disease,2004,positive,57,309
gastrointestinal disease,2005,positive,68,377
gastrointestinal disease,2006,positive,54,431
gastrointestinal disease,2007,positive,28,459
gastrointestinal disease,2008,positive,52,511
gastrointestinal disease,2009,positive,14,525
gastrointestinal disease,2010,positive,50,575
gastrointestinal disease,2011,positive,82,657
gastrointestinal disease,2012,positive,18,675
gastrointestinal disease,2013,positive,26,701
gastrointestinal disease,2014,positive,9,710
gastrointestinal disease,2015,positive,11,721
gastrointestinal disease,2016,positive,12,733
gastrointestinal disease,2017,positive,11,744
gastrointestinal disease,2018,positive,7,751
gastrointestinal disease,2019,positive,4,755
gastrointestinal disease,2020,positive,1,756
gastrointestinal disease,2021,positive,3,759
gastrointestinal disease,2022,positive,1,760
gastrointestinal disease,1990,negative,0,0
gastrointestinal disease,1991,negative,0,0
gastrointestinal disease,1992,negative,0,0
gastrointestinal disease,1993,negative,0,0
gastrointestinal disease,1994,negative,0,0
gastrointestinal disease,1995,negative,5,5
gastrointestinal disease,1996,negative,12,17
gastrointestinal disease,1997,negative,31,48
gastrointestinal disease,1998,negative,24,72
gastrointestinal disease,1999,negative,68,140
gastrointestinal disease,2000,negative,44,184
gastrointestinal disease,2001,negative,39,223
gastrointestinal disease,2002,negative,181,404
gastrointestinal disease,2003,negative,75,479
gastrointestinal disease,2004,negative,192,671
gastrointestinal disease,2005,negative,127,798
gastrointestinal disease,2006,negative,151,949
gastrointestinal disease,2007,negative,256,1205
gastrointestinal disease,2008,negative,139,1344
gastrointestinal disease,2009,negative,213,1557
gastrointestinal disease,2010,negative,276,1833
gastrointestinal disease,2011,negative,229,2062
gastrointestinal disease,2012,negative,268,2330
gastrointestinal disease,2013,negative,286,2616
gastrointestinal disease,2014,negative,264,2880
gastrointestinal disease,2015,negative,346,3226
gastrointestinal disease,2016,negative,104,3330
gastrointestinal disease,2017,negative,243,3573
gastrointestinal disease,2018,negative,109,3682
gastrointestinal disease,2019,negative,241,3923
gastrointestinal disease,2020,negative,92,4015
gastrointestinal disease,2021,negative,182,4197
gastrointestinal disease,2022,negative,211,4408
immune system disease,1990,positive,10,10
immune system disease,1991,positive,0,10
immune system disease,1992,positive,14,24
immune system disease,1993,positive,16,40
immune system disease,1994,positive,25,65
immune system disease,1995,positive,2,67
immune system disease,1996,positive,4,71
immune system disease,1997,positive,38,109
immune system disease,1998,positive,11,120
immune system disease,1999,positive,35,155
immune system disease,2000,positive,48,203
immune system disease,2001,positive,34,237
immune system disease,2002,positive,35,272
immune system disease,2003,positive,68,340
immune system disease,2004,positive,29,369
immune system disease,2005,positive,40,409
immune system disease,2006,positive,25,434
immune system disease,2007,positive,74,508
immune system disease,2008,positive,39,547
immune system disease,2009,positive,21,568
immune system disease,2010,positive,18,586
immune system disease,2011,positive,7,593
immune system disease,2012,positive,4,597
immune system disease,2013,positive,19,616
immune system disease,2014,positive,52,668
immune system disease,2015,positive,6,674
immune system disease,2016,positive,18,692
immune system disease,2017,positive,21,713
immune system disease,2018,positive,8,721
immune system disease,2019,positive,5,726
immune system disease,2020,positive,0,726
immune system disease,2021,positive,3,729
immune system disease,2022,positive,0,729
immune system disease,1990,negative,0,0
immune system disease,1991,negative,0,0
immune system disease,1992,negative,4,4
immune system disease,1993,negative,5,9
immune system disease,1994,negative,0,9
immune system disease,1995,negative,44,53
immune system disease,1996,negative,17,70
immune system disease,1997,negative,13,83
immune system disease,1998,negative,37,120
immune system disease,1999,negative,47,167
immune system disease,2000,negative,19,186
immune system disease,2001,negative,81,267
immune system disease,2002,negative,166,433
immune system disease,2003,negative,102,535
immune system disease,2004,negative,184,719
immune system disease,2005,negative,186,905
immune system disease,2006,negative,225,1130
immune system disease,2007,negative,182,1312
immune system disease,2008,negative,178,1490
immune system disease,2009,negative,214,1704
immune system disease,2010,negative,162,1866
immune system disease,2011,negative,134,2000
immune system disease,2012,negative,368,2368
immune system disease,2013,negative,164,2532
immune system disease,2014,negative,121,2653
immune system disease,2015,negative,360,3013
immune system disease,2016,negative,109,3122
immune system disease,2017,negative,160,3282
immune system disease,2018,negative,282,3564
immune system disease,2019,negative,166,3730
immune system disease,2020,negative,114,3844
immune system disease,2021,negative,194,4038
immune system disease,2022,negative,249,4287
